ADM3_EN,ADM3_PCODE,ADM3_REF,ADM3ALT1_EN,ADM3ALT2_EN,ADM2_EN,ADM2_PCODE,ADM1_EN,ADM1_PCODE,ADM0_EN,ADM0_PCODE,DATE,VALIDON,VALIDTO,AREA_SQKM
Abhaynagar,BD404104,,,,Jessore,BD4041,Khulna,BD40,Bangladesh,BD,2015-01-01,2020-11-13,,246.947118570099
Adabor,BD302602,,,,Dhaka,BD3026,Dhaka,BD30,Bangladesh,BD,2015-01-01,2020-11-13,,2.28738404996924
Adamdighi,BD501006,,,,Bogra,BD5010,Rajshahi,BD50,Bangladesh,BD,2015-01-01,2020-11-13,,173.120868681739
Aditmari,BD555202,,,,Lalmonirhat,BD5552,Rangpur,BD55,Bangladesh,BD,2015-01-01,2020-11-13,,197.695149915003
Agailjhara,BD100602,,,,Barisal,BD1006,Barisal,BD10,Bangladesh,BD,2015-01-01,2020-11-13,,156.077323216928
Ajmiriganj,BD603602,,,,Habiganj,BD6036,Sylhet,BD60,Bangladesh,BD,2015-01-01,2020-11-13,,184.455369085918
Akhaura,BD201202,,,,Brahamanbaria,BD2012,Chittagong,BD20,Bangladesh,BD,2015-01-01,2020-11-13,,92.0085381697495
Akkelpur,BD503813,,,,Joypurhat,BD5038,Rajshahi,BD50,Bangladesh,BD,2015-01-01,2020-11-13,,141.065263511556
Alamdanga,BD401807,,,,Chuadanga,BD4018,Khulna,BD40,Bangladesh,BD,2015-01-01,2020-11-13,,365.540051275631
Alfadanga,BD302903,,,,Faridpur,BD3029,Dhaka,BD30,Bangladesh,BD,2015-01-01,2020-11-13,,132.13429118737
Alikadam,BD200304,,,,Bandarban,BD2003,Chittagong,BD20,Bangladesh,BD,2015-01-01,2020-11-13,,782.3970842187509
Amtali,BD100409,,,,Barguna,BD1004,Barisal,BD10,Bangladesh,BD,2015-01-01,2020-11-13,,515.6409675066329
Anowara,BD201504,,,,Chittagong,BD2015,Chittagong,BD20,Bangladesh,BD,2015-01-01,2020-11-13,,146.372108353243
Araihazar,BD306702,,,,Narayanganj,BD3067,Dhaka,BD30,Bangladesh,BD,2015-01-01,2020-11-13,,181.916213680486
Ashuganj,BD201233,,,,Brahamanbaria,BD2012,Chittagong,BD20,Bangladesh,BD,2015-01-01,2020-11-13,,72.5745961535264
Assasuni,BD408704,,,,Satkhira,BD4087,Khulna,BD40,Bangladesh,BD,2015-01-01,2020-11-13,,378.285197379951
Atgharia,BD507605,,,,Pabna,BD5076,Rajshahi,BD50,Bangladesh,BD,2015-01-01,2020-11-13,,188.246177014752
Atpara,BD457204,,,,Netrakona,BD4572,Mymensingh,BD45,Bangladesh,BD,2015-01-01,2020-11-13,,188.974647413592
Atrai,BD506403,,,,Naogaon,BD5064,Rajshahi,BD50,Bangladesh,BD,2015-01-01,2020-11-13,,263.979981453056
Atwari,BD557704,,,,Panchagarh,BD5577,Rangpur,BD55,Bangladesh,BD,2015-01-01,2020-11-13,,207.487449581874
Austagram,BD304802,,,,Kishoreganj,BD3048,Dhaka,BD30,Bangladesh,BD,2015-01-01,2020-11-13,,300.651135275621
Babuganj,BD100603,,,,Barisal,BD1006,Barisal,BD10,Bangladesh,BD,2015-01-01,2020-11-13,,159.702437355679
Badalgachhi,BD506406,,,,Naogaon,BD5064,Rajshahi,BD50,Bangladesh,BD,2015-01-01,2020-11-13,,211.476490675447
Badarganj,BD558503,,,,Rangpur,BD5585,Rangpur,BD55,Bangladesh,BD,2015-01-01,2020-11-13,,290.319738615155
Badda,BD302604,,,,Dhaka,BD3026,Dhaka,BD30,Bangladesh,BD,2015-01-01,2020-11-13,,36.5880111760617
Bagati Para,BD506909,,,,Natore,BD5069,Rajshahi,BD50,Bangladesh,BD,2015-01-01,2020-11-13,,138.440800363499
Bagerhat Sadar,BD400108,,,,Bagerhat,BD4001,Khulna,BD40,Bangladesh,BD,2015-01-01,2020-11-13,,310.616996607082
Bagha,BD508110,,,,Rajshahi,BD5081,Rajshahi,BD50,Bangladesh,BD,2015-01-01,2020-11-13,,199.500397293062
Baghai Chhari,BD208407,,,,Rangamati,BD2084,Chittagong,BD20,Bangladesh,BD,2015-01-01,2020-11-13,,1616.12279842016
Bagher Para,BD404109,,,,Jessore,BD4041,Khulna,BD40,Bangladesh,BD,2015-01-01,2020-11-13,,273.685971810119
Baghmara,BD508112,,,,Rajshahi,BD5081,Rajshahi,BD50,Bangladesh,BD,2015-01-01,2020-11-13,,370.146466355319
Bahubal,BD603605,,,,Habiganj,BD6036,Sylhet,BD60,Bangladesh,BD,2015-01-01,2020-11-13,,264.728220059888
Bajitpur,BD304806,,,,Kishoreganj,BD3048,Dhaka,BD30,Bangladesh,BD,2015-01-01,2020-11-13,,189.707009217202
Bakalia,BD201510,,,,Chittagong,BD2015,Chittagong,BD20,Bangladesh,BD,2015-01-01,2020-11-13,,8.32947984715702
Bakerganj,BD100607,,,,Barisal,BD1006,Barisal,BD10,Bangladesh,BD,2015-01-01,2020-11-13,,374.088617679331
Bakshiganj,BD453907,,,,Jamalpur,BD4539,Mymensingh,BD45,Bangladesh,BD,2015-01-01,2020-11-13,,207.622459981132
Balaganj,BD609108,,,,Sylhet,BD6091,Sylhet,BD60,Bangladesh,BD,2015-01-01,2020-11-13,,387.2312587265801
Balia Kandi,BD308207,,,,Rajbari,BD3082,Dhaka,BD30,Bangladesh,BD,2015-01-01,2020-11-13,,239.386509330401
Baliadangi,BD559408,,,,Thakurgaon,BD5594,Rangpur,BD55,Bangladesh,BD,2015-01-01,2020-11-13,,283.099351728028
Bamna,BD100419,,,,Barguna,BD1004,Barisal,BD10,Bangladesh,BD,2015-01-01,2020-11-13,,101.06971311319
Banari Para,BD100610,,,,Barisal,BD1006,Barisal,BD10,Bangladesh,BD,2015-01-01,2020-11-13,,131.082783323747
Banchharampur,BD201204,,,,Brahamanbaria,BD2012,Chittagong,BD20,Bangladesh,BD,2015-01-01,2020-11-13,,205.374801753276
Bandar,BD306706,,,,Narayanganj,BD3067,Dhaka,BD30,Bangladesh,BD,2015-01-01,2020-11-13,,59.9067638727252
Bandarban Sadar,BD200314,,,,Bandarban,BD2003,Chittagong,BD20,Bangladesh,BD,2015-01-01,2020-11-13,,444.849670003831
Bangshal,BD302605,,,,Dhaka,BD3026,Dhaka,BD30,Bangladesh,BD,2015-01-01,2020-11-13,,1.44323914150109
Baniachong,BD603611,,,,Habiganj,BD6036,Sylhet,BD60,Bangladesh,BD,2015-01-01,2020-11-13,,496.444574945595
Banshkhali,BD201508,,,,Chittagong,BD2015,Chittagong,BD20,Bangladesh,BD,2015-01-01,2020-11-13,,350.221017007803
Baraigram,BD506915,,,,Natore,BD5069,Rajshahi,BD50,Bangladesh,BD,2015-01-01,2020-11-13,,299.855527692906
Barguna Sadar,BD100428,,,,Barguna,BD1004,Barisal,BD10,Bangladesh,BD,2015-01-01,2020-11-13,,324.986328838338
Barhatta,BD457209,,,,Netrakona,BD4572,Mymensingh,BD45,Bangladesh,BD,2015-01-01,2020-11-13,,230.660874557688
Barisal Sadar (Kotwali),BD100651,,,,Barisal,BD1006,Barisal,BD10,Bangladesh,BD,2015-01-01,2020-11-13,,291.079753083866
Barkal,BD208421,,,,Rangamati,BD2084,Chittagong,BD20,Bangladesh,BD,2015-01-01,2020-11-13,,653.400163906865
Barlekha,BD605814,,,,Maulvibazar,BD6058,Sylhet,BD60,Bangladesh,BD,2015-01-01,2020-11-13,,385.724015822259
Barura,BD201909,,,,Comilla,BD2019,Chittagong,BD20,Bangladesh,BD,2015-01-01,2020-11-13,,241.529926616789
Basail,BD309309,,,,Tangail,BD3093,Dhaka,BD30,Bangladesh,BD,2015-01-01,2020-11-13,,165.447543741763
Batiaghata,BD404712,,,,Khulna,BD4047,Khulna,BD40,Bangladesh,BD,2015-01-01,2020-11-13,,234.867659567458
Bauphal,BD107838,,,,Patuakhali,BD1078,Barisal,BD10,Bangladesh,BD,2015-01-01,2020-11-13,,446.063054758372
Bayejid Bostami,BD201506,,,,Chittagong,BD2015,Chittagong,BD20,Bangladesh,BD,2015-01-01,2020-11-13,,43.1579059827354
Beani Bazar,BD609117,,,,Sylhet,BD6091,Sylhet,BD60,Bangladesh,BD,2015-01-01,2020-11-13,,246.895603907506
Begumganj,BD207507,,,,Noakhali,BD2075,Chittagong,BD20,Bangladesh,BD,2015-01-01,2020-11-13,,236.8450093182
Belabo,BD306807,,,,Narsingdi,BD3068,Dhaka,BD30,Bangladesh,BD,2015-01-01,2020-11-13,,122.729713535967
Belai Chhari,BD208429,,,,Rangamati,BD2084,Chittagong,BD20,Bangladesh,BD,2015-01-01,2020-11-13,,1047.8033830336
Belkuchi,BD508811,,,,Sirajganj,BD5088,Rajshahi,BD50,Bangladesh,BD,2015-01-01,2020-11-13,,163.840226707059
Bera,BD507616,,,,Pabna,BD5076,Rajshahi,BD50,Bangladesh,BD,2015-01-01,2020-11-13,,259.020311129398
Betagi,BD100447,,,,Barguna,BD1004,Barisal,BD10,Bangladesh,BD,2015-01-01,2020-11-13,,164.989113158759
Bhairab,BD304811,,,,Kishoreganj,BD3048,Dhaka,BD30,Bangladesh,BD,2015-01-01,2020-11-13,,121.501045355043
Bhaluka,BD456113,,,,Mymensingh,BD4561,Mymensingh,BD45,Bangladesh,BD,2015-01-01,2020-11-13,,447.815324305245
Bhandaria,BD107914,,,,Pirojpur,BD1079,Barisal,BD10,Bangladesh,BD,2015-01-01,2020-11-13,,163.312540254818
Bhanga,BD302910,,,,Faridpur,BD3029,Dhaka,BD30,Bangladesh,BD,2015-01-01,2020-11-13,,214.834954913534
Bhangura,BD507619,,,,Pabna,BD5076,Rajshahi,BD50,Bangladesh,BD,2015-01-01,2020-11-13,,127.616276237592
Bhedarganj,BD308614,,,,Shariatpur,BD3086,Dhaka,BD30,Bangladesh,BD,2015-01-01,2020-11-13,,260.456923654996
Bheramara,BD405015,,,,Kushtia,BD4050,Khulna,BD40,Bangladesh,BD,2015-01-01,2020-11-13,,155.898156560603
Bhola Sadar,BD100918,,,,Bhola,BD1009,Barisal,BD10,Bangladesh,BD,2015-01-01,2020-11-13,,321.591927215324
Bholahat,BD507018,,,,Nawabganj,BD5070,Rajshahi,BD50,Bangladesh,BD,2015-01-01,2020-11-13,,124.986581935215
Bhuapur,BD309319,,,,Tangail,BD3093,Dhaka,BD30,Bangladesh,BD,2015-01-01,2020-11-13,,232.333589286091
Bhurungamari,BD554906,,,,Kurigram,BD5549,Rangpur,BD55,Bangladesh,BD,2015-01-01,2020-11-13,,237.488156433668
Bijoynagar,BD201207,,,,Brahamanbaria,BD2012,Chittagong,BD20,Bangladesh,BD,2015-01-01,2020-11-13,,217.927381230133
Biman Bandar,BD302606,,,,Dhaka,BD3026,Dhaka,BD30,Bangladesh,BD,2015-01-01,2020-11-13,,8.03561826023942
Biral,BD552717,,,,Dinajpur,BD5527,Rangpur,BD55,Bangladesh,BD,2015-01-01,2020-11-13,,351.356976182341
Birampur,BD552710,,,,Dinajpur,BD5527,Rangpur,BD55,Bangladesh,BD,2015-01-01,2020-11-13,,215.166724355217
Birganj,BD552712,,,,Dinajpur,BD5527,Rangpur,BD55,Bangladesh,BD,2015-01-01,2020-11-13,,415.239594036947
Bishwambarpur,BD609018,,,,Sunamganj,BD6090,Sylhet,BD60,Bangladesh,BD,2015-01-01,2020-11-13,,189.612831256793
Bishwanath,BD609120,,,,Sylhet,BD6091,Sylhet,BD60,Bangladesh,BD,2015-01-01,2020-11-13,,210.038738206441
Boalia,BD508122,,,,Rajshahi,BD5081,Rajshahi,BD50,Bangladesh,BD,2015-01-01,2020-11-13,,18.8304339634603
Boalkhali,BD201512,,,,Chittagong,BD2015,Chittagong,BD20,Bangladesh,BD,2015-01-01,2020-11-13,,131.135726639379
Boalmari,BD302918,,,,Faridpur,BD3029,Dhaka,BD30,Bangladesh,BD,2015-01-01,2020-11-13,,273.646168578846
Bochaganj,BD552721,,,,Dinajpur,BD5527,Rangpur,BD55,Bangladesh,BD,2015-01-01,2020-11-13,,223.358574680936
Boda,BD557725,,,,Panchagarh,BD5577,Rangpur,BD55,Bangladesh,BD,2015-01-01,2020-11-13,,308.370478518281
Bogra Sadar,BD501020,,,,Bogra,BD5010,Rajshahi,BD50,Bangladesh,BD,2015-01-01,2020-11-13,,176.167362168494
Brahman Para,BD201915,,,,Comilla,BD2019,Chittagong,BD20,Bangladesh,BD,2015-01-01,2020-11-13,,132.517771039557
Brahmanbaria Sadar,BD201213,,,,Brahamanbaria,BD2012,Chittagong,BD20,Bangladesh,BD,2015-01-01,2020-11-13,,219.704904803786
Burhanuddin,BD100921,,,,Bhola,BD1009,Barisal,BD10,Bangladesh,BD,2015-01-01,2020-11-13,,226.948754360093
Burichang,BD201918,,,,Comilla,BD2019,Chittagong,BD20,Bangladesh,BD,2015-01-01,2020-11-13,,163.127499405276
Cantonment,BD302608,,,,Dhaka,BD3026,Dhaka,BD30,Bangladesh,BD,2015-01-01,2020-11-13,,10.937284713177
Chak Bazar,BD302609,,,,Dhaka,BD3026,Dhaka,BD30,Bangladesh,BD,2015-01-01,2020-11-13,,1.6350044867812
Chakaria,BD202216,,,,Cox's Bazar,BD2022,Chittagong,BD20,Bangladesh,BD,2015-01-01,2020-11-13,,478.205685024674
Chandanaish,BD201518,,,,Chittagong,BD2015,Chittagong,BD20,Bangladesh,BD,2015-01-01,2020-11-13,,201.326358507935
Chandgaon,BD201519,,,,Chittagong,BD2015,Chittagong,BD20,Bangladesh,BD,2015-01-01,2020-11-13,,20.0197297310713
Chandina,BD201927,,,,Comilla,BD2019,Chittagong,BD20,Bangladesh,BD,2015-01-01,2020-11-13,,202.444928895837
Chandpur Sadar,BD201322,,,,Chandpur,BD2013,Chittagong,BD20,Bangladesh,BD,2015-01-01,2020-11-13,,169.225520489898
Char Bhadrasan,BD302921,,,,Faridpur,BD3029,Dhaka,BD30,Bangladesh,BD,2015-01-01,2020-11-13,,151.89449078651
Char Fasson,BD100925,,,,Bhola,BD1009,Barisal,BD10,Bangladesh,BD,2015-01-01,2020-11-13,,679.656630313258
Char Rajibpur,BD554908,,,,Kurigram,BD5549,Rangpur,BD55,Bangladesh,BD,2015-01-01,2020-11-13,,119.966307783209
Charghat,BD508125,,,,Rajshahi,BD5081,Rajshahi,BD50,Bangladesh,BD,2015-01-01,2020-11-13,,178.350103823105
Chatkhil,BD207510,,,,Noakhali,BD2075,Chittagong,BD20,Bangladesh,BD,2015-01-01,2020-11-13,,137.008959259301
Chatmohar,BD507622,,,,Pabna,BD5076,Rajshahi,BD50,Bangladesh,BD,2015-01-01,2020-11-13,,307.122679801578
Chauddagram,BD201931,,,,Comilla,BD2019,Chittagong,BD20,Bangladesh,BD,2015-01-01,2020-11-13,,273.593486805366
Chaugachha,BD404111,,,,Jessore,BD4041,Khulna,BD40,Bangladesh,BD,2015-01-01,2020-11-13,,278.179141723725
Chauhali,BD508827,,,,Sirajganj,BD5088,Rajshahi,BD50,Bangladesh,BD,2015-01-01,2020-11-13,,240.139188647032
Chhagalnaiya,BD203014,,,,Feni,BD2030,Chittagong,BD20,Bangladesh,BD,2015-01-01,2020-11-13,,137.217561824426
Chhatak,BD609023,,,,Sunamganj,BD6090,Sylhet,BD60,Bangladesh,BD,2015-01-01,2020-11-13,,433.694021467019
Chilmari,BD554909,,,,Kurigram,BD5549,Rangpur,BD55,Bangladesh,BD,2015-01-01,2020-11-13,,232.504694837723
Chirirbandar,BD552730,,,,Dinajpur,BD5527,Rangpur,BD55,Bangladesh,BD,2015-01-01,2020-11-13,,317.353980845634
Chitalmari,BD400114,,,,Bagerhat,BD4001,Khulna,BD40,Bangladesh,BD,2015-01-01,2020-11-13,,197.440353518061
Chittagong Port,BD201520,,,,Chittagong,BD2015,Chittagong,BD20,Bangladesh,BD,2015-01-01,2020-11-13,,12.3609971319638
Chuadanga Sadar,BD401823,,,,Chuadanga,BD4018,Khulna,BD40,Bangladesh,BD,2015-01-01,2020-11-13,,289.944743646284
Chunarughat,BD603626,,,,Habiganj,BD6036,Sylhet,BD60,Bangladesh,BD,2015-01-01,2020-11-13,,476.221172294545
Comilla Adarsha Sadar,BD201967,,,,Comilla,BD2019,Chittagong,BD20,Bangladesh,BD,2015-01-01,2020-11-13,,120.707348250569
Comilla Sadar Dakshin,BD201933,,,,Comilla,BD2019,Chittagong,BD20,Bangladesh,BD,2015-01-01,2020-11-13,,265.051285173937
Companiganj,BD207521,,,,Noakhali,BD2075,Chittagong,BD20,Bangladesh,BD,2015-01-01,2020-11-13,,288.642003336437
Companiganj,BD609127,,,,Sylhet,BD6091,Sylhet,BD60,Bangladesh,BD,2015-01-01,2020-11-13,,259.713459012372
Cox's Bazar Sadar,BD202224,Coxs Bazar Sadar,,,Cox's Bazar,BD2022,Chittagong,BD20,Bangladesh,BD,2015-01-01,2020-11-13,,209.801592175567
Dacope,BD404717,,,,Khulna,BD4047,Khulna,BD40,Bangladesh,BD,2015-01-01,2020-11-13,,785.094523659234
Daganbhuiyan,BD203025,,,,Feni,BD2030,Chittagong,BD20,Bangladesh,BD,2015-01-01,2020-11-13,,142.199496513309
Dakshin Sunamganj,BD609027,,,,Sunamganj,BD6090,Sylhet,BD60,Bangladesh,BD,2015-01-01,2020-11-13,,306.586402213722
Dakshin Surma,BD609131,,,,Sylhet,BD6091,Sylhet,BD60,Bangladesh,BD,2015-01-01,2020-11-13,,190.97068546574
Dakshinkhan,BD302610,,,,Dhaka,BD3026,Dhaka,BD30,Bangladesh,BD,2015-01-01,2020-11-13,,8.02510166819612
Damudya,BD308625,,,,Shariatpur,BD3086,Dhaka,BD30,Bangladesh,BD,2015-01-01,2020-11-13,,96.3737141412172
Damurhuda,BD401831,,,,Chuadanga,BD4018,Khulna,BD40,Bangladesh,BD,2015-01-01,2020-11-13,,305.929016466619
Darus Salam,BD302611,,,,Dhaka,BD3026,Dhaka,BD30,Bangladesh,BD,2015-01-01,2020-11-13,,3.88224555991919
Dashmina,BD107852,,,,Patuakhali,BD1078,Barisal,BD10,Bangladesh,BD,2015-01-01,2020-11-13,,222.137474488221
Daudkandi,BD201936,,,,Comilla,BD2019,Chittagong,BD20,Bangladesh,BD,2015-01-01,2020-11-13,,214.168506317679
Daulatkhan,BD100929,,,,Bhola,BD1009,Barisal,BD10,Bangladesh,BD,2015-01-01,2020-11-13,,110.873845858754
Daulatpur,BD305610,,,,Manikganj,BD3056,Dhaka,BD30,Bangladesh,BD,2015-01-01,2020-11-13,,218.539607400913
Daulatpur,BD404721,,,,Khulna,BD4047,Khulna,BD40,Bangladesh,BD,2015-01-01,2020-11-13,,14.8704810538277
Daulatpur,BD405039,,,,Kushtia,BD4050,Khulna,BD40,Bangladesh,BD,2015-01-01,2020-11-13,,463.505439255004
Debhata,BD408725,,,,Satkhira,BD4087,Khulna,BD40,Bangladesh,BD,2015-01-01,2020-11-13,,175.436411518622
Debidwar,BD201940,,,,Comilla,BD2019,Chittagong,BD20,Bangladesh,BD,2015-01-01,2020-11-13,,237.904415531965
Debiganj,BD557734,,,,Panchagarh,BD5577,Rangpur,BD55,Bangladesh,BD,2015-01-01,2020-11-13,,311.431091495054
Delduar,BD309323,,,,Tangail,BD3093,Dhaka,BD30,Bangladesh,BD,2015-01-01,2020-11-13,,168.225801451596
Demra,BD302612,,,,Dhaka,BD3026,Dhaka,BD30,Bangladesh,BD,2015-01-01,2020-11-13,,22.3929558449867
Derai,BD609029,,,,Sunamganj,BD6090,Sylhet,BD60,Bangladesh,BD,2015-01-01,2020-11-13,,406.538423387117
Dewanganj,BD453915,,,,Jamalpur,BD4539,Mymensingh,BD45,Bangladesh,BD,2015-01-01,2020-11-13,,256.764153718526
Dhamoirhat,BD506428,,,,Naogaon,BD5064,Rajshahi,BD50,Bangladesh,BD,2015-01-01,2020-11-13,,304.366834266253
Dhamrai,BD302614,,,,Dhaka,BD3026,Dhaka,BD30,Bangladesh,BD,2015-01-01,2020-11-13,,303.7130649013239
Dhanbari,BD309325,,,,Tangail,BD3093,Dhaka,BD30,Bangladesh,BD,2015-01-01,2020-11-13,,128.974448798011
Dhanmondi,BD302616,,,,Dhaka,BD3026,Dhaka,BD30,Bangladesh,BD,2015-01-01,2020-11-13,,2.86645870166725
Dharampasha,BD609032,,,,Sunamganj,BD6090,Sylhet,BD60,Bangladesh,BD,2015-01-01,2020-11-13,,501.3425218313729
Dhobaura,BD456116,,,,Mymensingh,BD4561,Mymensingh,BD45,Bangladesh,BD,2015-01-01,2020-11-13,,252.916654066027
Dhunat,BD501027,,,,Bogra,BD5010,Rajshahi,BD50,Bangladesh,BD,2015-01-01,2020-11-13,,248.513661642133
Dhupchanchia,BD501033,,,,Bogra,BD5010,Rajshahi,BD50,Bangladesh,BD,2015-01-01,2020-11-13,,165.104502092893
Dighalia,BD404740,,,,Khulna,BD4047,Khulna,BD40,Bangladesh,BD,2015-01-01,2020-11-13,,77.2214822079002
Dighinala,BD204643,,,,Khagrachhari,BD2046,Chittagong,BD20,Bangladesh,BD,2015-01-01,2020-11-13,,898.400936999979
Dimla,BD557312,,,,Nilphamari,BD5573,Rangpur,BD55,Bangladesh,BD,2015-01-01,2020-11-13,,331.567068502315
Dinajpur Sadar,BD552764,,,,Dinajpur,BD5527,Rangpur,BD55,Bangladesh,BD,2015-01-01,2020-11-13,,357.683111830289
Dohar,BD302618,,,,Dhaka,BD3026,Dhaka,BD30,Bangladesh,BD,2015-01-01,2020-11-13,,145.266163760063
Domar,BD557315,,,,Nilphamari,BD5573,Rangpur,BD55,Bangladesh,BD,2015-01-01,2020-11-13,,250.223162044807
Double Mooring,BD201528,,,,Chittagong,BD2015,Chittagong,BD20,Bangladesh,BD,2015-01-01,2020-11-13,,7.423923150011571
Dowarabazar,BD609033,,,,Sunamganj,BD6090,Sylhet,BD60,Bangladesh,BD,2015-01-01,2020-11-13,,293.854299182963
Dumki,BD107855,,,,Patuakhali,BD1078,Barisal,BD10,Bangladesh,BD,2015-01-01,2020-11-13,,93.561039924219
Dumuria,BD404730,,,,Khulna,BD4047,Khulna,BD40,Bangladesh,BD,2015-01-01,2020-11-13,,456.411771271641
Durgapur,BD457218,,,,Netrakona,BD4572,Mymensingh,BD45,Bangladesh,BD,2015-01-01,2020-11-13,,282.039967928528
Durgapur,BD508131,,,,Rajshahi,BD5081,Rajshahi,BD50,Bangladesh,BD,2015-01-01,2020-11-13,,193.857265446984
Fakirhat,BD400134,,,,Bagerhat,BD4001,Khulna,BD40,Bangladesh,BD,2015-01-01,2020-11-13,,161.028586886247
Faridganj,BD201345,,,,Chandpur,BD2013,Chittagong,BD20,Bangladesh,BD,2015-01-01,2020-11-13,,240.59139037025
Faridpur,BD507633,,,,Pabna,BD5076,Rajshahi,BD50,Bangladesh,BD,2015-01-01,2020-11-13,,145.104645123455
Faridpur Sadar,BD302947,,,,Faridpur,BD3029,Dhaka,BD30,Bangladesh,BD,2015-01-01,2020-11-13,,379.773759338158
Fatikchhari,BD201533,,,,Chittagong,BD2015,Chittagong,BD20,Bangladesh,BD,2015-01-01,2020-11-13,,756.600437783972
Fenchuganj,BD609135,,,,Sylhet,BD6091,Sylhet,BD60,Bangladesh,BD,2015-01-01,2020-11-13,,113.295048322422
Feni Sadar,BD203029,,,,Feni,BD2030,Chittagong,BD20,Bangladesh,BD,2015-01-01,2020-11-13,,214.648478056871
Fulbari,BD552738,,,,Dinajpur,BD5527,Rangpur,BD55,Bangladesh,BD,2015-01-01,2020-11-13,,231.65351274627
Fulbaria,BD456120,,,,Mymensingh,BD4561,Mymensingh,BD45,Bangladesh,BD,2015-01-01,2020-11-13,,398.128840283184
Fulchhari,BD553221,,,,Gaibandha,BD5532,Rangpur,BD55,Bangladesh,BD,2015-01-01,2020-11-13,,314.553385696256
Fulgazi,BD203041,,,,Feni,BD2030,Chittagong,BD20,Bangladesh,BD,2015-01-01,2020-11-13,,101.536377097192
Gabtali,BD501040,,,,Bogra,BD5010,Rajshahi,BD50,Bangladesh,BD,2015-01-01,2020-11-13,,246.596002980322
Gaffargaon,BD456122,,,,Mymensingh,BD4561,Mymensingh,BD45,Bangladesh,BD,2015-01-01,2020-11-13,,399.416845878802
Gaibandha Sadar,BD553224,,,,Gaibandha,BD5532,Rangpur,BD55,Bangladesh,BD,2015-01-01,2020-11-13,,318.61828969738
Galachipa,BD107857,,,,Patuakhali,BD1078,Barisal,BD10,Bangladesh,BD,2015-01-01,2020-11-13,,867.201755404877
Gangachara,BD558527,,,,Rangpur,BD5585,Rangpur,BD55,Bangladesh,BD,2015-01-01,2020-11-13,,266.452154615035
Gangni,BD405747,,,,Meherpur,BD4057,Khulna,BD40,Bangladesh,BD,2015-01-01,2020-11-13,,343.914528703305
Gauripur,BD456123,,,,Mymensingh,BD4561,Mymensingh,BD45,Bangladesh,BD,2015-01-01,2020-11-13,,284.401702091974
Gaurnadi,BD100632,,,,Barisal,BD1006,Barisal,BD10,Bangladesh,BD,2015-01-01,2020-11-13,,148.873132728237
Gazaria,BD305924,,,,Munshiganj,BD3059,Dhaka,BD30,Bangladesh,BD,2015-01-01,2020-11-13,,143.821343523269
Gazipur Sadar,BD303330,,,,Gazipur,BD3033,Dhaka,BD30,Bangladesh,BD,2015-01-01,2020-11-13,,457.565727359553
Gendaria,BD302624,,,,Dhaka,BD3026,Dhaka,BD30,Bangladesh,BD,2015-01-01,2020-11-13,,1.54824730043677
Ghatail,BD309328,,,,Tangail,BD3093,Dhaka,BD30,Bangladesh,BD,2015-01-01,2020-11-13,,452.395988979338
Ghior,BD305622,,,,Manikganj,BD3056,Dhaka,BD30,Bangladesh,BD,2015-01-01,2020-11-13,,144.818444321859
Ghoraghat,BD552743,,,,Dinajpur,BD5527,Rangpur,BD55,Bangladesh,BD,2015-01-01,2020-11-13,,150.159073227818
Goalandaghat,BD308229,,,,Rajbari,BD3082,Dhaka,BD30,Bangladesh,BD,2015-01-01,2020-11-13,,153.528665067332
Gobindaganj,BD553230,,,,Gaibandha,BD5532,Rangpur,BD55,Bangladesh,BD,2015-01-01,2020-11-13,,468.238091056833
Godagari,BD508134,,,,Rajshahi,BD5081,Rajshahi,BD50,Bangladesh,BD,2015-01-01,2020-11-13,,491.976074963204
Golabganj,BD609138,,,,Sylhet,BD6091,Sylhet,BD60,Bangladesh,BD,2015-01-01,2020-11-13,,275.963767147987
Gomastapur,BD507037,,,,Nawabganj,BD5070,Rajshahi,BD50,Bangladesh,BD,2015-01-01,2020-11-13,,320.720808849854
Gopalganj Sadar,BD303532,,,,Gopalganj,BD3035,Dhaka,BD30,Bangladesh,BD,2015-01-01,2020-11-13,,385.900966278847
Gopalpur,BD309338,,,,Tangail,BD3093,Dhaka,BD30,Bangladesh,BD,2015-01-01,2020-11-13,,190.270405125454
Gosairhat,BD308636,,,,Shariatpur,BD3086,Dhaka,BD30,Bangladesh,BD,2015-01-01,2020-11-13,,154.137467666507
Gowainghat,BD609141,,,,Sylhet,BD6091,Sylhet,BD60,Bangladesh,BD,2015-01-01,2020-11-13,,477.065709693452
Gulshan,BD302626,,,,Dhaka,BD3026,Dhaka,BD30,Bangladesh,BD,2015-01-01,2020-11-13,,8.70407351879402
Gurudaspur,BD506941,,,,Natore,BD5069,Rajshahi,BD50,Bangladesh,BD,2015-01-01,2020-11-13,,196.71639612853
Habiganj Sadar,BD603644,,,,Habiganj,BD6036,Sylhet,BD60,Bangladesh,BD,2015-01-01,2020-11-13,,240.980034067407
Haim Char,BD201347,,,,Chandpur,BD2013,Chittagong,BD20,Bangladesh,BD,2015-01-01,2020-11-13,,85.5411010862689
Hajiganj,BD201349,,,,Chandpur,BD2013,Chittagong,BD20,Bangladesh,BD,2015-01-01,2020-11-13,,192.852371381521
Hakimpur,BD552747,,,,Dinajpur,BD5527,Rangpur,BD55,Bangladesh,BD,2015-01-01,2020-11-13,,99.5737433359192
Halishahar,BD201535,,,,Chittagong,BD2015,Chittagong,BD20,Bangladesh,BD,2015-01-01,2020-11-13,,12.0382982309882
Haluaghat,BD456124,,,,Mymensingh,BD4561,Mymensingh,BD45,Bangladesh,BD,2015-01-01,2020-11-13,,356.321711724031
Harinakunda,BD404414,,,,Jhenaidah,BD4044,Khulna,BD40,Bangladesh,BD,2015-01-01,2020-11-13,,228.817007348101
Haripur,BD559451,,,,Thakurgaon,BD5594,Rangpur,BD55,Bangladesh,BD,2015-01-01,2020-11-13,,200.46716949963
Harirampur,BD305628,,,,Manikganj,BD3056,Dhaka,BD30,Bangladesh,BD,2015-01-01,2020-11-13,,242.714481071332
Hathazari,BD201537,,,,Chittagong,BD2015,Chittagong,BD20,Bangladesh,BD,2015-01-01,2020-11-13,,228.117998560501
Hatibandha,BD555233,,,,Lalmonirhat,BD5552,Rangpur,BD55,Bangladesh,BD,2015-01-01,2020-11-13,,292.017866467218
Hatiya,BD207536,,,,Noakhali,BD2075,Chittagong,BD20,Bangladesh,BD,2015-01-01,2020-11-13,,662.4969362710871
Hazaribagh,BD302628,,,,Dhaka,BD3026,Dhaka,BD30,Bangladesh,BD,2015-01-01,2020-11-13,,5.65270994278346
Hizla,BD100636,,,,Barisal,BD1006,Barisal,BD10,Bangladesh,BD,2015-01-01,2020-11-13,,196.066066861378
Homna,BD201954,,,,Comilla,BD2019,Chittagong,BD20,Bangladesh,BD,2015-01-01,2020-11-13,,129.25198090835
Hossainpur,BD304827,,,,Kishoreganj,BD3048,Dhaka,BD30,Bangladesh,BD,2015-01-01,2020-11-13,,119.29360276279
Ishwardi,BD507639,,,,Pabna,BD5076,Rajshahi,BD50,Bangladesh,BD,2015-01-01,2020-11-13,,267.607581086322
Ishwarganj,BD456131,,,,Mymensingh,BD4561,Mymensingh,BD45,Bangladesh,BD,2015-01-01,2020-11-13,,277.965191649011
Islampur,BD453929,,,,Jamalpur,BD4539,Mymensingh,BD45,Bangladesh,BD,2015-01-01,2020-11-13,,333.182374757521
Itna,BD304833,,,,Kishoreganj,BD3048,Dhaka,BD30,Bangladesh,BD,2015-01-01,2020-11-13,,385.991209907977
Jagannathpur,BD609047,,,,Sunamganj,BD6090,Sylhet,BD60,Bangladesh,BD,2015-01-01,2020-11-13,,371.26084402686
Jaintiapur,BD609153,,,,Sylhet,BD6091,Sylhet,BD60,Bangladesh,BD,2015-01-01,2020-11-13,,272.6411054600489
Jaldhaka,BD557336,,,,Nilphamari,BD5573,Rangpur,BD55,Bangladesh,BD,2015-01-01,2020-11-13,,305.852500733239
Jamalganj,BD609050,,,,Sunamganj,BD6090,Sylhet,BD60,Bangladesh,BD,2015-01-01,2020-11-13,,332.125740114998
Jamalpur Sadar,BD453936,,,,Jamalpur,BD4539,Mymensingh,BD45,Bangladesh,BD,2015-01-01,2020-11-13,,496.730595689632
Jatrabari,BD302629,,,,Dhaka,BD3026,Dhaka,BD30,Bangladesh,BD,2015-01-01,2020-11-13,,12.2738739250695
Jhalokati Sadar,BD104240,,,,Jhalokati,BD1042,Barisal,BD10,Bangladesh,BD,2015-01-01,2020-11-13,,201.361423464172
Jhenaidah Sadar,BD404419,,,,Jhenaidah,BD4044,Khulna,BD40,Bangladesh,BD,2015-01-01,2020-11-13,,461.759596762024
Jhenaigati,BD458937,,,,Sherpur,BD4589,Mymensingh,BD45,Bangladesh,BD,2015-01-01,2020-11-13,,209.739216945776
Jhikargachha,BD404123,,,,Jessore,BD4041,Khulna,BD40,Bangladesh,BD,2015-01-01,2020-11-13,,309.391741755357
Jiban Nagar,BD401855,,,,Chuadanga,BD4018,Khulna,BD40,Bangladesh,BD,2015-01-01,2020-11-13,,203.687863543626
Joypurhat Sadar,BD503847,,,,Joypurhat,BD5038,Rajshahi,BD50,Bangladesh,BD,2015-01-01,2020-11-13,,226.488403641478
Jurai Chhari,BD208447,,,,Rangamati,BD2084,Chittagong,BD20,Bangladesh,BD,2015-01-01,2020-11-13,,435.60398077591
Juri,BD605835,,,,Maulvibazar,BD6058,Sylhet,BD60,Bangladesh,BD,2015-01-01,2020-11-13,,244.331830779408
Kabirhat,BD207547,,,,Noakhali,BD2075,Chittagong,BD20,Bangladesh,BD,2015-01-01,2020-11-13,,135.535399796075
Kachua,BD201358,,,,Chandpur,BD2013,Chittagong,BD20,Bangladesh,BD,2015-01-01,2020-11-13,,225.785003905183
Kachua,BD400138,,,,Bagerhat,BD4001,Khulna,BD40,Bangladesh,BD,2015-01-01,2020-11-13,,128.546786655467
Kadamtali,BD302632,,,,Dhaka,BD3026,Dhaka,BD30,Bangladesh,BD,2015-01-01,2020-11-13,,8.88490950790079
Kafrul,BD302630,,,,Dhaka,BD3026,Dhaka,BD30,Bangladesh,BD,2015-01-01,2020-11-13,,9.30024765670332
Kahaloo,BD501054,,,,Bogra,BD5010,Rajshahi,BD50,Bangladesh,BD,2015-01-01,2020-11-13,,241.522352616488
Kaharole,BD552756,,,,Dinajpur,BD5527,Rangpur,BD55,Bangladesh,BD,2015-01-01,2020-11-13,,205.669206937288
Kala Para,BD107866,,,,Patuakhali,BD1078,Barisal,BD10,Bangladesh,BD,2015-01-01,2020-11-13,,444.612912907512
Kalabagan,BD302633,,,,Dhaka,BD3026,Dhaka,BD30,Bangladesh,BD,2015-01-01,2020-11-13,,1.31722824612883
Kalai,BD503858,,,,Joypurhat,BD5038,Rajshahi,BD50,Bangladesh,BD,2015-01-01,2020-11-13,,163.588338708351
Kalaroa,BD408743,,,,Satkhira,BD4087,Khulna,BD40,Bangladesh,BD,2015-01-01,2020-11-13,,232.949370598583
Kalia,BD406528,,,,Narail,BD4065,Khulna,BD40,Bangladesh,BD,2015-01-01,2020-11-13,,311.461956247917
Kaliakair,BD303332,,,,Gazipur,BD3033,Dhaka,BD30,Bangladesh,BD,2015-01-01,2020-11-13,,313.129325997253
Kaliganj,BD303334,,,,Gazipur,BD3033,Dhaka,BD30,Bangladesh,BD,2015-01-01,2020-11-13,,224.767599460557
Kaliganj,BD404433,,,,Jhenaidah,BD4044,Khulna,BD40,Bangladesh,BD,2015-01-01,2020-11-13,,313.347815840768
Kaliganj,BD408747,,,,Satkhira,BD4087,Khulna,BD40,Bangladesh,BD,2015-01-01,2020-11-13,,326.289215591827
Kaliganj,BD555239,,,,Lalmonirhat,BD5552,Rangpur,BD55,Bangladesh,BD,2015-01-01,2020-11-13,,244.61528136467
Kalihati,BD309347,,,,Tangail,BD3093,Dhaka,BD30,Bangladesh,BD,2015-01-01,2020-11-13,,295.146737013795
Kalkini,BD305440,,,,Madaripur,BD3054,Dhaka,BD30,Bangladesh,BD,2015-01-01,2020-11-13,,282.87033183635
Kalmakanda,BD457240,,,,Netrakona,BD4572,Mymensingh,BD45,Bangladesh,BD,2015-01-01,2020-11-13,,383.603973273253
Kalukhali,BD308247,,,,Rajbari,BD3082,Dhaka,BD30,Bangladesh,BD,2015-01-01,2020-11-13,,164.90676471521
Kamalganj,BD605856,,,,Maulvibazar,BD6058,Sylhet,BD60,Bangladesh,BD,2015-01-01,2020-11-13,,417.638382384035
Kamalnagar,BD205133,,,,Lakshmipur,BD2051,Chittagong,BD20,Bangladesh,BD,2015-01-01,2020-11-13,,220.844790738831
Kamarkhanda,BD508844,,,,Sirajganj,BD5088,Rajshahi,BD50,Bangladesh,BD,2015-01-01,2020-11-13,,95.6473345304987
Kamrangir Char,BD302634,,,,Dhaka,BD3026,Dhaka,BD30,Bangladesh,BD,2015-01-01,2020-11-13,,1.61132067059241
Kanaighat,BD609159,,,,Sylhet,BD6091,Sylhet,BD60,Bangladesh,BD,2015-01-01,2020-11-13,,402.816632287596
Kanthalia,BD104243,,,,Jhalokati,BD1042,Barisal,BD10,Bangladesh,BD,2015-01-01,2020-11-13,,158.70729207258
Kapasia,BD303336,,,,Gazipur,BD3033,Dhaka,BD30,Bangladesh,BD,2015-01-01,2020-11-13,,355.059312525933
Kaptai,BD208436,,,,Rangamati,BD2084,Chittagong,BD20,Bangladesh,BD,2015-01-01,2020-11-13,,221.527620292553
Karimganj,BD304842,,,,Kishoreganj,BD3048,Dhaka,BD30,Bangladesh,BD,2015-01-01,2020-11-13,,202.716948418846
Kasba,BD201263,,,,Brahamanbaria,BD2012,Chittagong,BD20,Bangladesh,BD,2015-01-01,2020-11-13,,213.408879029854
Kashiani,BD303543,,,,Gopalganj,BD3035,Dhaka,BD30,Bangladesh,BD,2015-01-01,2020-11-13,,288.986866733287
Katiadi,BD304845,,,,Kishoreganj,BD3048,Dhaka,BD30,Bangladesh,BD,2015-01-01,2020-11-13,,221.493454995308
Kaunia,BD558542,,,,Rangpur,BD5585,Rangpur,BD55,Bangladesh,BD,2015-01-01,2020-11-13,,142.571742125717
Kawkhali,BD107947,,,,Pirojpur,BD1079,Barisal,BD10,Bangladesh,BD,2015-01-01,2020-11-13,,80.2457922748532
Kawkhali (Betbunia),BD208425,,,,Rangamati,BD2084,Chittagong,BD20,Bangladesh,BD,2015-01-01,2020-11-13,,234.733413135107
Kazipur,BD508850,,,,Sirajganj,BD5088,Rajshahi,BD50,Bangladesh,BD,2015-01-01,2020-11-13,,373.59615182756
Kendua,BD457247,,,,Netrakona,BD4572,Mymensingh,BD45,Bangladesh,BD,2015-01-01,2020-11-13,,304.585905092038
Keraniganj,BD302638,,,,Dhaka,BD3026,Dhaka,BD30,Bangladesh,BD,2015-01-01,2020-11-13,,190.826791234358
Keshabpur,BD404138,,,,Jessore,BD4041,Khulna,BD40,Bangladesh,BD,2015-01-01,2020-11-13,,257.326867967505
Khagrachhari Sadar,BD204649,,,,Khagrachhari,BD2046,Chittagong,BD20,Bangladesh,BD,2015-01-01,2020-11-13,,277.238133371689
Khaliajuri,BD457238,,,,Netrakona,BD4572,Mymensingh,BD45,Bangladesh,BD,2015-01-01,2020-11-13,,290.522396976705
Khalishpur,BD404745,,,,Khulna,BD4047,Khulna,BD40,Bangladesh,BD,2015-01-01,2020-11-13,,12.5110580957895
Khan Jahan Ali,BD404748,,,,Khulna,BD4047,Khulna,BD40,Bangladesh,BD,2015-01-01,2020-11-13,,25.8327271368277
Khansama,BD552760,,,,Dinajpur,BD5527,Rangpur,BD55,Bangladesh,BD,2015-01-01,2020-11-13,,180.318047105899
Khetlal,BD503861,,,,Joypurhat,BD5038,Rajshahi,BD50,Bangladesh,BD,2015-01-01,2020-11-13,,139.506562567627
Khilgaon,BD302636,,,,Dhaka,BD3026,Dhaka,BD30,Bangladesh,BD,2015-01-01,2020-11-13,,13.8209365329479
Khilkhet,BD302637,,,,Dhaka,BD3026,Dhaka,BD30,Bangladesh,BD,2015-01-01,2020-11-13,,15.6575124335714
Khoksa,BD405063,,,,Kushtia,BD4050,Khulna,BD40,Bangladesh,BD,2015-01-01,2020-11-13,,107.12246822606
Khulna Sadar,BD404751,,,,Khulna,BD4047,Khulna,BD40,Bangladesh,BD,2015-01-01,2020-11-13,,12.3749571414344
Khulshi,BD201543,,,,Chittagong,BD2015,Chittagong,BD20,Bangladesh,BD,2015-01-01,2020-11-13,,12.9617507317214
Kishoreganj,BD557345,,,,Nilphamari,BD5573,Rangpur,BD55,Bangladesh,BD,2015-01-01,2020-11-13,,205.271675955994
Kishoreganj Sadar,BD304849,,,,Kishoreganj,BD3048,Dhaka,BD30,Bangladesh,BD,2015-01-01,2020-11-13,,189.744033621902
Kotali Para,BD303551,,,,Gopalganj,BD3035,Dhaka,BD30,Bangladesh,BD,2015-01-01,2020-11-13,,364.911067570576
Kotchandpur,BD404442,,,,Jhenaidah,BD4044,Khulna,BD40,Bangladesh,BD,2015-01-01,2020-11-13,,171.548835402172
Kotwali,BD201541,,,,Chittagong,BD2015,Chittagong,BD20,Bangladesh,BD,2015-01-01,2020-11-13,,9.392721557301261
Kotwali,BD302640,,,,Dhaka,BD3026,Dhaka,BD30,Bangladesh,BD,2015-01-01,2020-11-13,,0.761292580352398
Kotwali,BD404147,,,,Jessore,BD4041,Khulna,BD40,Bangladesh,BD,2015-01-01,2020-11-13,,435.97521999032
Koyra,BD404753,,,,Khulna,BD4047,Khulna,BD40,Bangladesh,BD,2015-01-01,2020-11-13,,1255.24183377753
Kulaura,BD605865,,,,Maulvibazar,BD6058,Sylhet,BD60,Bangladesh,BD,2015-01-01,2020-11-13,,516.0517243130649
Kuliar Char,BD304854,,,,Kishoreganj,BD3048,Dhaka,BD30,Bangladesh,BD,2015-01-01,2020-11-13,,102.980954472901
Kumarkhali,BD405071,,,,Kushtia,BD4050,Khulna,BD40,Bangladesh,BD,2015-01-01,2020-11-13,,270.856538219179
Kurigram Sadar,BD554952,,,,Kurigram,BD5549,Rangpur,BD55,Bangladesh,BD,2015-01-01,2020-11-13,,269.710873969903
Kushtia Sadar,BD405079,,,,Kushtia,BD4050,Khulna,BD40,Bangladesh,BD,2015-01-01,2020-11-13,,304.669317995566
Kutubdia,BD202245,,,,Cox's Bazar,BD2022,Chittagong,BD20,Bangladesh,BD,2015-01-01,2020-11-13,,71.6241079975363
Lakhai,BD603668,,,,Habiganj,BD6036,Sylhet,BD60,Bangladesh,BD,2015-01-01,2020-11-13,,190.797172249602
Laksam,BD201972,,,,Comilla,BD2019,Chittagong,BD20,Bangladesh,BD,2015-01-01,2020-11-13,,152.759199191998
Lakshmichhari,BD204661,,,,Khagrachhari,BD2046,Chittagong,BD20,Bangladesh,BD,2015-01-01,2020-11-13,,219.976634588099
Lakshmipur Sadar,BD205143,,,,Lakshmipur,BD2051,Chittagong,BD20,Bangladesh,BD,2015-01-01,2020-11-13,,467.032340129639
Lalbagh,BD302642,,,,Dhaka,BD3026,Dhaka,BD30,Bangladesh,BD,2015-01-01,2020-11-13,,4.25958106721229
Lalmohan,BD100954,,,,Bhola,BD1009,Barisal,BD10,Bangladesh,BD,2015-01-01,2020-11-13,,269.705192771366
Lalmonirhat Sadar,BD555255,,,,Lalmonirhat,BD5552,Rangpur,BD55,Bangladesh,BD,2015-01-01,2020-11-13,,268.024813201592
Lalpur,BD506944,,,,Natore,BD5069,Rajshahi,BD50,Bangladesh,BD,2015-01-01,2020-11-13,,329.110290811293
Lama,BD200351,,,,Bandarban,BD2003,Chittagong,BD20,Bangladesh,BD,2015-01-01,2020-11-13,,645.411159338469
Langadu,BD208458,,,,Rangamati,BD2084,Chittagong,BD20,Bangladesh,BD,2015-01-01,2020-11-13,,495.123046993753
Lohagara,BD201547,,,,Chittagong,BD2015,Chittagong,BD20,Bangladesh,BD,2015-01-01,2020-11-13,,257.476048221229
Lohagara,BD406552,,,,Narail,BD4065,Khulna,BD40,Bangladesh,BD,2015-01-01,2020-11-13,,298.922900279314
Lohajang,BD305944,,,,Munshiganj,BD3059,Dhaka,BD30,Bangladesh,BD,2015-01-01,2020-11-13,,139.820668918878
Madan,BD457256,,,,Netrakona,BD4572,Mymensingh,BD45,Bangladesh,BD,2015-01-01,2020-11-13,,230.310492943591
Madarganj,BD453958,,,,Jamalpur,BD4539,Mymensingh,BD45,Bangladesh,BD,2015-01-01,2020-11-13,,235.592554173011
Madaripur Sadar,BD305454,,,,Madaripur,BD3054,Dhaka,BD30,Bangladesh,BD,2015-01-01,2020-11-13,,290.199594776993
Madhabpur,BD603671,,,,Habiganj,BD6036,Sylhet,BD60,Bangladesh,BD,2015-01-01,2020-11-13,,295.170245392244
Madhukhali,BD302956,,,,Faridpur,BD3029,Dhaka,BD30,Bangladesh,BD,2015-01-01,2020-11-13,,224.537530193545
Madhupur,BD309357,,,,Tangail,BD3093,Dhaka,BD30,Bangladesh,BD,2015-01-01,2020-11-13,,366.0034336581
Magura Sadar,BD405557,,,,Magura,BD4055,Khulna,BD40,Bangladesh,BD,2015-01-01,2020-11-13,,406.162323110891
Mahadebpur,BD506450,,,,Naogaon,BD5064,Rajshahi,BD50,Bangladesh,BD,2015-01-01,2020-11-13,,387.161324119987
Mahalchhari,BD204665,,,,Khagrachhari,BD2046,Chittagong,BD20,Bangladesh,BD,2015-01-01,2020-11-13,,233.741878364584
Maheshkhali,BD202249,,,,Cox's Bazar,BD2022,Chittagong,BD20,Bangladesh,BD,2015-01-01,2020-11-13,,312.329630861042
Maheshpur,BD404471,,,,Jhenaidah,BD4044,Khulna,BD40,Bangladesh,BD,2015-01-01,2020-11-13,,405.494586686771
Manda,BD506447,,,,Naogaon,BD5064,Rajshahi,BD50,Bangladesh,BD,2015-01-01,2020-11-13,,415.777569029957
Manikchhari,BD204667,,,,Khagrachhari,BD2046,Chittagong,BD20,Bangladesh,BD,2015-01-01,2020-11-13,,135.666564479515
Manikganj Sadar,BD305646,,,,Manikganj,BD3056,Dhaka,BD30,Bangladesh,BD,2015-01-01,2020-11-13,,214.584659291089
Manirampur,BD404161,,,,Jessore,BD4041,Khulna,BD40,Bangladesh,BD,2015-01-01,2020-11-13,,444.549494240249
Manohardi,BD306852,,,,Narsingdi,BD3068,Dhaka,BD30,Bangladesh,BD,2015-01-01,2020-11-13,,195.677972433951
Manoharganj,BD201974,,,,Comilla,BD2019,Chittagong,BD20,Bangladesh,BD,2015-01-01,2020-11-13,,162.025454270306
Manpura,BD100965,,,,Bhola,BD1009,Barisal,BD10,Bangladesh,BD,2015-01-01,2020-11-13,,178.244957142841
Mathbaria,BD107958,,,,Pirojpur,BD1079,Barisal,BD10,Bangladesh,BD,2015-01-01,2020-11-13,,350.556317768146
Matihar,BD508140,,,,Rajshahi,BD5081,Rajshahi,BD50,Bangladesh,BD,2015-01-01,2020-11-13,,8.843582020090428
Matiranga,BD204670,,,,Khagrachhari,BD2046,Chittagong,BD20,Bangladesh,BD,2015-01-01,2020-11-13,,463.16951783244
Matlab Dakshin,BD201376,,,,Chandpur,BD2013,Chittagong,BD20,Bangladesh,BD,2015-01-01,2020-11-13,,126.263921902813
Matlab Uttar,BD201379,,,,Chandpur,BD2013,Chittagong,BD20,Bangladesh,BD,2015-01-01,2020-11-13,,270.638768482513
Maulvi Bazar Sadar,BD605874,,,,Maulvibazar,BD6058,Sylhet,BD60,Bangladesh,BD,2015-01-01,2020-11-13,,349.850475981499
Meghna,BD201975,,,,Comilla,BD2019,Chittagong,BD20,Bangladesh,BD,2015-01-01,2020-11-13,,106.496313269492
Mehendiganj,BD100662,,,,Barisal,BD1006,Barisal,BD10,Bangladesh,BD,2015-01-01,2020-11-13,,289.816445309827
Meherpur Sadar,BD405787,,,,Meherpur,BD4057,Khulna,BD40,Bangladesh,BD,2015-01-01,2020-11-13,,262.352500471
Melandaha,BD453961,,,,Jamalpur,BD4539,Mymensingh,BD45,Bangladesh,BD,2015-01-01,2020-11-13,,262.484077882584
Mirpur,BD302648,,,,Dhaka,BD3026,Dhaka,BD30,Bangladesh,BD,2015-01-01,2020-11-13,,6.454916795156961
Mirpur,BD405094,,,,Kushtia,BD4050,Khulna,BD40,Bangladesh,BD,2015-01-01,2020-11-13,,312.676476905964
Mirsharai,BD201553,,,,Chittagong,BD2015,Chittagong,BD20,Bangladesh,BD,2015-01-01,2020-11-13,,459.353531193972
Mirzaganj,BD107876,,,,Patuakhali,BD1078,Barisal,BD10,Bangladesh,BD,2015-01-01,2020-11-13,,177.306941925741
Mirzapur,BD309366,,,,Tangail,BD3093,Dhaka,BD30,Bangladesh,BD,2015-01-01,2020-11-13,,362.689829594478
Mitha Pukur,BD558558,,,,Rangpur,BD5585,Rangpur,BD55,Bangladesh,BD,2015-01-01,2020-11-13,,518.882724904436
Mithamain,BD304859,,,,Kishoreganj,BD3048,Dhaka,BD30,Bangladesh,BD,2015-01-01,2020-11-13,,225.596791831426
Mohammadpur,BD302650,,,,Dhaka,BD3026,Dhaka,BD30,Bangladesh,BD,2015-01-01,2020-11-13,,7.047230789230881
Mohammadpur,BD405566,,,,Magura,BD4055,Khulna,BD40,Bangladesh,BD,2015-01-01,2020-11-13,,230.598080451174
Mohanganj,BD457263,,,,Netrakona,BD4572,Mymensingh,BD45,Bangladesh,BD,2015-01-01,2020-11-13,,240.86518247168
Mohanpur,BD508153,,,,Rajshahi,BD5081,Rajshahi,BD50,Bangladesh,BD,2015-01-01,2020-11-13,,159.367443575561
Mollahat,BD400156,,,,Bagerhat,BD4001,Khulna,BD40,Bangladesh,BD,2015-01-01,2020-11-13,,176.673318356097
Mongla,BD400158,,,,Bagerhat,BD4001,Khulna,BD40,Bangladesh,BD,2015-01-01,2020-11-13,,1268.47346331834
Morrelganj,BD400160,,,,Bagerhat,BD4001,Khulna,BD40,Bangladesh,BD,2015-01-01,2020-11-13,,444.1045292158529
Motijheel,BD302654,,,,Dhaka,BD3026,Dhaka,BD30,Bangladesh,BD,2015-01-01,2020-11-13,,3.72201997234498
Mujib Nagar,BD405760,,,,Meherpur,BD4057,Khulna,BD40,Bangladesh,BD,2015-01-01,2020-11-13,,116.257646850811
Muksudpur,BD303558,,,,Gopalganj,BD3035,Dhaka,BD30,Bangladesh,BD,2015-01-01,2020-11-13,,309.709068881184
Muktagachha,BD456165,,,,Mymensingh,BD4561,Mymensingh,BD45,Bangladesh,BD,2015-01-01,2020-11-13,,318.846982255883
Muladi,BD100669,,,,Barisal,BD1006,Barisal,BD10,Bangladesh,BD,2015-01-01,2020-11-13,,220.594661283602
Munshiganj Sadar,BD305956,,,,Munshiganj,BD3059,Dhaka,BD30,Bangladesh,BD,2015-01-01,2020-11-13,,153.899126735979
Muradnagar,BD201981,,,,Comilla,BD2019,Chittagong,BD20,Bangladesh,BD,2015-01-01,2020-11-13,,342.997647823434
Mymensingh Sadar,BD456152,,,,Mymensingh,BD4561,Mymensingh,BD45,Bangladesh,BD,2015-01-01,2020-11-13,,378.416145622264
Nabiganj,BD603677,,,,Habiganj,BD6036,Sylhet,BD60,Bangladesh,BD,2015-01-01,2020-11-13,,433.636933374086
Nabinagar,BD201285,,,,Brahamanbaria,BD2012,Chittagong,BD20,Bangladesh,BD,2015-01-01,2020-11-13,,363.992993996059
Nachole,BD507056,,,,Nawabganj,BD5070,Rajshahi,BD50,Bangladesh,BD,2015-01-01,2020-11-13,,283.25885264444
Nagarkanda,BD302962,,,,Faridpur,BD3029,Dhaka,BD30,Bangladesh,BD,2015-01-01,2020-11-13,,197.789924407809
Nagarpur,BD309376,,,,Tangail,BD3093,Dhaka,BD30,Bangladesh,BD,2015-01-01,2020-11-13,,248.304882449175
Nageshwari,BD554961,,,,Kurigram,BD5549,Rangpur,BD55,Bangladesh,BD,2015-01-01,2020-11-13,,422.745946894892
Naikhongchhari,BD200373,,,,Bandarban,BD2003,Chittagong,BD20,Bangladesh,BD,2015-01-01,2020-11-13,,475.00155490046
Nakla,BD458967,,,,Sherpur,BD4589,Mymensingh,BD45,Bangladesh,BD,2015-01-01,2020-11-13,,174.333181401264
Nalchity,BD104273,,,,Jhalokati,BD1042,Barisal,BD10,Bangladesh,BD,2015-01-01,2020-11-13,,219.816676786919
Nalitabari,BD458970,,,,Sherpur,BD4589,Mymensingh,BD45,Bangladesh,BD,2015-01-01,2020-11-13,,327.37174028026
Nandail,BD456172,,,,Mymensingh,BD4561,Mymensingh,BD45,Bangladesh,BD,2015-01-01,2020-11-13,,329.212355582572
Nandigram,BD501067,,,,Bogra,BD5010,Rajshahi,BD50,Bangladesh,BD,2015-01-01,2020-11-13,,264.760928958247
Nangalkot,BD201987,,,,Comilla,BD2019,Chittagong,BD20,Bangladesh,BD,2015-01-01,2020-11-13,,235.507909216249
Naniarchar,BD208475,,,,Rangamati,BD2084,Chittagong,BD20,Bangladesh,BD,2015-01-01,2020-11-13,,323.450814676628
Naogaon Sadar,BD506460,,,,Naogaon,BD5064,Rajshahi,BD50,Bangladesh,BD,2015-01-01,2020-11-13,,270.529317058715
Narail Sadar,BD406576,,,,Narail,BD4065,Khulna,BD40,Bangladesh,BD,2015-01-01,2020-11-13,,385.358706972661
Narayanganj Sadar,BD306758,,,,Narayanganj,BD3067,Dhaka,BD30,Bangladesh,BD,2015-01-01,2020-11-13,,99.9297151680893
Naria,BD308665,,,,Shariatpur,BD3086,Dhaka,BD30,Bangladesh,BD,2015-01-01,2020-11-13,,241.253618716429
Narsingdi Sadar,BD306860,,,,Narsingdi,BD3068,Dhaka,BD30,Bangladesh,BD,2015-01-01,2020-11-13,,219.826496860056
Nasirnagar,BD201290,,,,Brahamanbaria,BD2012,Chittagong,BD20,Bangladesh,BD,2015-01-01,2020-11-13,,316.339021199306
Natore Sadar,BD506963,,,,Natore,BD5069,Rajshahi,BD50,Bangladesh,BD,2015-01-01,2020-11-13,,403.245691773105
Nawabganj,BD302662,,,,Dhaka,BD3026,Dhaka,BD30,Bangladesh,BD,2015-01-01,2020-11-13,,249.979179997841
Nawabganj,BD552769,,,,Dinajpur,BD5527,Rangpur,BD55,Bangladesh,BD,2015-01-01,2020-11-13,,317.712511561384
Nawabganj Sadar,BD507066,,,,Nawabganj,BD5070,Rajshahi,BD50,Bangladesh,BD,2015-01-01,2020-11-13,,433.12052848327
Nazirpur,BD107976,,,,Pirojpur,BD1079,Barisal,BD10,Bangladesh,BD,2015-01-01,2020-11-13,,226.866789348225
Nesarabad (Swarupkati),BD107987,,,,Pirojpur,BD1079,Barisal,BD10,Bangladesh,BD,2015-01-01,2020-11-13,,185.644727883846
Netrokona Sadar,BD457274,,,,Netrakona,BD4572,Mymensingh,BD45,Bangladesh,BD,2015-01-01,2020-11-13,,334.872440659126
New Market,BD302663,,,,Dhaka,BD3026,Dhaka,BD30,Bangladesh,BD,2015-01-01,2020-11-13,,1.64000046669813
Niamatpur,BD506469,,,,Naogaon,BD5064,Rajshahi,BD50,Bangladesh,BD,2015-01-01,2020-11-13,,446.211262116812
Nikli,BD304876,,,,Kishoreganj,BD3048,Dhaka,BD30,Bangladesh,BD,2015-01-01,2020-11-13,,186.027530128827
Nilphamari Sadar,BD557364,,,,Nilphamari,BD5573,Rangpur,BD55,Bangladesh,BD,2015-01-01,2020-11-13,,375.631471378667
Noakhali Sadar (Sudharam),BD207587,,,,Noakhali,BD2075,Chittagong,BD20,Bangladesh,BD,2015-01-01,2020-11-13,,372.321429959371
Paba,BD508172,,,,Rajshahi,BD5081,Rajshahi,BD50,Bangladesh,BD,2015-01-01,2020-11-13,,304.220669093421
Pabna Sadar,BD507655,,,,Pabna,BD5076,Rajshahi,BD50,Bangladesh,BD,2015-01-01,2020-11-13,,427.469404759559
Pahartali,BD201555,,,,Chittagong,BD2015,Chittagong,BD20,Bangladesh,BD,2015-01-01,2020-11-13,,9.49156605033714
Paikgachha,BD404764,,,,Khulna,BD4047,Khulna,BD40,Bangladesh,BD,2015-01-01,2020-11-13,,381.629306845308
Pakundia,BD304879,,,,Kishoreganj,BD3048,Dhaka,BD30,Bangladesh,BD,2015-01-01,2020-11-13,,176.464104518983
Palash,BD306863,,,,Narsingdi,BD3068,Dhaka,BD30,Bangladesh,BD,2015-01-01,2020-11-13,,97.3329887725177
Palashbari,BD553267,,,,Gaibandha,BD5532,Rangpur,BD55,Bangladesh,BD,2015-01-01,2020-11-13,,189.838904993225
Pallabi,BD302664,,,,Dhaka,BD3026,Dhaka,BD30,Bangladesh,BD,2015-01-01,2020-11-13,,10.814682148169
Paltan,BD302665,,,,Dhaka,BD3026,Dhaka,BD30,Bangladesh,BD,2015-01-01,2020-11-13,,1.27076971398839
Panchagarh Sadar,BD557773,,,,Panchagarh,BD5577,Rangpur,BD55,Bangladesh,BD,2015-01-01,2020-11-13,,347.208486385704
Panchbibi,BD503874,,,,Joypurhat,BD5038,Rajshahi,BD50,Bangladesh,BD,2015-01-01,2020-11-13,,289.601154692794
Panchhari,BD204677,,,,Khagrachhari,BD2046,Chittagong,BD20,Bangladesh,BD,2015-01-01,2020-11-13,,380.73424531796
Panchlaish,BD201557,,,,Chittagong,BD2015,Chittagong,BD20,Bangladesh,BD,2015-01-01,2020-11-13,,6.379371596308
Pangsha,BD308273,,,,Rajbari,BD3082,Dhaka,BD30,Bangladesh,BD,2015-01-01,2020-11-13,,255.129846843603
Parbatipur,BD552777,,,,Dinajpur,BD5527,Rangpur,BD55,Bangladesh,BD,2015-01-01,2020-11-13,,394.919494411288
Parshuram,BD203051,,,,Feni,BD2030,Chittagong,BD20,Bangladesh,BD,2015-01-01,2020-11-13,,101.977437498814
Patenga,BD201565,,,,Chittagong,BD2015,Chittagong,BD20,Bangladesh,BD,2015-01-01,2020-11-13,,28.2224133450069
Patgram,BD555270,,,,Lalmonirhat,BD5552,Rangpur,BD55,Bangladesh,BD,2015-01-01,2020-11-13,,272.560666823019
Patharghata,BD100485,,,,Barguna,BD1004,Barisal,BD10,Bangladesh,BD,2015-01-01,2020-11-13,,238.964398108697
Patiya,BD201561,,,,Chittagong,BD2015,Chittagong,BD20,Bangladesh,BD,2015-01-01,2020-11-13,,298.994381709688
Patnitala,BD506475,,,,Naogaon,BD5064,Rajshahi,BD50,Bangladesh,BD,2015-01-01,2020-11-13,,387.376153841339
Patuakhali Sadar,BD107895,,,,Patuakhali,BD1078,Barisal,BD10,Bangladesh,BD,2015-01-01,2020-11-13,,366.524637619555
Pekua,BD202256,,,,Cox's Bazar,BD2022,Chittagong,BD20,Bangladesh,BD,2015-01-01,2020-11-13,,136.951829776299
Phulbari,BD554918,,,,Kurigram,BD5549,Rangpur,BD55,Bangladesh,BD,2015-01-01,2020-11-13,,165.41899016863
Phulpur,BD456181,,,,Mymensingh,BD4561,Mymensingh,BD45,Bangladesh,BD,2015-01-01,2020-11-13,,568.2815368987821
Phultala,BD404769,,,,Khulna,BD4047,Khulna,BD40,Bangladesh,BD,2015-01-01,2020-11-13,,56.4568120677725
Pirgachha,BD558573,,,,Rangpur,BD5585,Rangpur,BD55,Bangladesh,BD,2015-01-01,2020-11-13,,263.025835313568
Pirganj,BD558576,,,,Rangpur,BD5585,Rangpur,BD55,Bangladesh,BD,2015-01-01,2020-11-13,,409.828875155492
Pirganj,BD559482,,,,Thakurgaon,BD5594,Rangpur,BD55,Bangladesh,BD,2015-01-01,2020-11-13,,347.900222071997
Pirojpur Sadar,BD107980,,,,Pirojpur,BD1079,Barisal,BD10,Bangladesh,BD,2015-01-01,2020-11-13,,162.505546093605
Porsha,BD506479,,,,Naogaon,BD5064,Rajshahi,BD50,Bangladesh,BD,2015-01-01,2020-11-13,,266.357066866534
Purbadhala,BD457283,,,,Netrakona,BD4572,Mymensingh,BD45,Bangladesh,BD,2015-01-01,2020-11-13,,317.929219560211
Puthia,BD508182,,,,Rajshahi,BD5081,Rajshahi,BD50,Bangladesh,BD,2015-01-01,2020-11-13,,196.54331401717
Rajapur,BD104284,,,,Jhalokati,BD1042,Barisal,BD10,Bangladesh,BD,2015-01-01,2020-11-13,,158.866520304021
Rajarhat,BD554977,,,,Kurigram,BD5549,Rangpur,BD55,Bangladesh,BD,2015-01-01,2020-11-13,,165.202542936692
Rajasthali,BD208478,,,,Rangamati,BD2084,Chittagong,BD20,Bangladesh,BD,2015-01-01,2020-11-13,,149.559971204835
Rajbari Sadar,BD308276,,,,Rajbari,BD3082,Dhaka,BD30,Bangladesh,BD,2015-01-01,2020-11-13,,326.284555494055
Rajnagar,BD605880,,,,Maulvibazar,BD6058,Sylhet,BD60,Bangladesh,BD,2015-01-01,2020-11-13,,334.151248668614
Rajoir,BD305480,,,,Madaripur,BD3054,Dhaka,BD30,Bangladesh,BD,2015-01-01,2020-11-13,,229.406114843002
Rajpara,BD508185,,,,Rajshahi,BD5081,Rajshahi,BD50,Bangladesh,BD,2015-01-01,2020-11-13,,11.5484438144203
Ramganj,BD205165,,,,Lakshmipur,BD2051,Chittagong,BD20,Bangladesh,BD,2015-01-01,2020-11-13,,177.937736161255
Ramgarh,BD204680,,,,Khagrachhari,BD2046,Chittagong,BD20,Bangladesh,BD,2015-01-01,2020-11-13,,246.616487054536
Ramgati,BD205173,,,,Lakshmipur,BD2051,Chittagong,BD20,Bangladesh,BD,2015-01-01,2020-11-13,,180.782297863257
Ramna,BD302666,,,,Dhaka,BD3026,Dhaka,BD30,Bangladesh,BD,2015-01-01,2020-11-13,,3.42508071837556
Rampal,BD400173,,,,Bagerhat,BD4001,Khulna,BD40,Bangladesh,BD,2015-01-01,2020-11-13,,278.695861799209
Rampura,BD302667,,,,Dhaka,BD3026,Dhaka,BD30,Bangladesh,BD,2015-01-01,2020-11-13,,3.07878053367108
Ramu,BD202266,,,,Cox's Bazar,BD2022,Chittagong,BD20,Bangladesh,BD,2015-01-01,2020-11-13,,387.69382482164
Rangamati Sadar,BD208487,,,,Rangamati,BD2084,Chittagong,BD20,Bangladesh,BD,2015-01-01,2020-11-13,,585.6342241972831
Rangpur Sadar,BD558549,,,,Rangpur,BD5585,Rangpur,BD55,Bangladesh,BD,2015-01-01,2020-11-13,,321.107499072563
Rangunia,BD201570,,,,Chittagong,BD2015,Chittagong,BD20,Bangladesh,BD,2015-01-01,2020-11-13,,338.769874520285
Raninagar,BD506485,,,,Naogaon,BD5064,Rajshahi,BD50,Bangladesh,BD,2015-01-01,2020-11-13,,245.441636365098
Ranisankail,BD559486,,,,Thakurgaon,BD5594,Rangpur,BD55,Bangladesh,BD,2015-01-01,2020-11-13,,289.433353352131
Raozan,BD201574,,,,Chittagong,BD2015,Chittagong,BD20,Bangladesh,BD,2015-01-01,2020-11-13,,239.816260128664
Raumari,BD554979,,,,Kurigram,BD5549,Rangpur,BD55,Bangladesh,BD,2015-01-01,2020-11-13,,201.671547854439
Rowangchhari,BD200389,,,,Bandarban,BD2003,Chittagong,BD20,Bangladesh,BD,2015-01-01,2020-11-13,,482.173126407635
Royganj,BD508861,,,,Sirajganj,BD5088,Rajshahi,BD50,Bangladesh,BD,2015-01-01,2020-11-13,,267.831482959665
Roypur,BD205158,,,,Lakshmipur,BD2051,Chittagong,BD20,Bangladesh,BD,2015-01-01,2020-11-13,,197.135330391754
Roypura,BD306864,,,,Narsingdi,BD3068,Dhaka,BD30,Bangladesh,BD,2015-01-01,2020-11-13,,317.826848461814
Ruma,BD200391,,,,Bandarban,BD2003,Chittagong,BD20,Bangladesh,BD,2015-01-01,2020-11-13,,686.515718963111
Rupganj,BD306768,,,,Narayanganj,BD3067,Dhaka,BD30,Bangladesh,BD,2015-01-01,2020-11-13,,182.600432371945
Rupsa,BD404775,,,,Khulna,BD4047,Khulna,BD40,Bangladesh,BD,2015-01-01,2020-11-13,,119.734070407455
Sabujbagh,BD302668,,,,Dhaka,BD3026,Dhaka,BD30,Bangladesh,BD,2015-01-01,2020-11-13,,6.52593362769138
Sadarpur,BD302984,,,,Faridpur,BD3029,Dhaka,BD30,Bangladesh,BD,2015-01-01,2020-11-13,,277.483477278072
Sadullapur,BD553282,,,,Gaibandha,BD5532,Rangpur,BD55,Bangladesh,BD,2015-01-01,2020-11-13,,233.556867424285
Saghatta,BD553288,,,,Gaibandha,BD5532,Rangpur,BD55,Bangladesh,BD,2015-01-01,2020-11-13,,226.78569186616
Saidpur,BD557385,,,,Nilphamari,BD5573,Rangpur,BD55,Bangladesh,BD,2015-01-01,2020-11-13,,119.354520691537
Sakhipur,BD309385,,,,Tangail,BD3093,Dhaka,BD30,Bangladesh,BD,2015-01-01,2020-11-13,,436.632114329595
Saltha,BD302990,,,,Faridpur,BD3029,Dhaka,BD30,Bangladesh,BD,2015-01-01,2020-11-13,,191.594623809853
Sandwip,BD201578,,,,Chittagong,BD2015,Chittagong,BD20,Bangladesh,BD,2015-01-01,2020-11-13,,334.661836843161
Santhia,BD507672,,,,Pabna,BD5076,Rajshahi,BD50,Bangladesh,BD,2015-01-01,2020-11-13,,338.336845551989
Sapahar,BD506486,,,,Naogaon,BD5064,Rajshahi,BD50,Bangladesh,BD,2015-01-01,2020-11-13,,245.225441938603
Sarail,BD201294,,,,Brahamanbaria,BD2012,Chittagong,BD20,Bangladesh,BD,2015-01-01,2020-11-13,,221.350791210026
Sarankhola,BD400177,,,,Bagerhat,BD4001,Khulna,BD40,Bangladesh,BD,2015-01-01,2020-11-13,,680.60427379733
Sariakandi,BD501081,,,,Bogra,BD5010,Rajshahi,BD50,Bangladesh,BD,2015-01-01,2020-11-13,,406.16614129667
Sarishabari,BD453985,,,,Jamalpur,BD4539,Mymensingh,BD45,Bangladesh,BD,2015-01-01,2020-11-13,,273.300083471548
Satkania,BD201582,,,,Chittagong,BD2015,Chittagong,BD20,Bangladesh,BD,2015-01-01,2020-11-13,,273.701808569012
Satkhira Sadar,BD408782,,,,Satkhira,BD4087,Khulna,BD40,Bangladesh,BD,2015-01-01,2020-11-13,,397.967863713224
Saturia,BD305670,,,,Manikganj,BD3056,Dhaka,BD30,Bangladesh,BD,2015-01-01,2020-11-13,,141.023126716325
Savar,BD302672,,,,Dhaka,BD3026,Dhaka,BD30,Bangladesh,BD,2015-01-01,2020-11-13,,285.6115440022959
Senbagh,BD207580,,,,Noakhali,BD2075,Chittagong,BD20,Bangladesh,BD,2015-01-01,2020-11-13,,161.299271711143
Serajdikhan,BD305974,,,,Munshiganj,BD3059,Dhaka,BD30,Bangladesh,BD,2015-01-01,2020-11-13,,173.886074690482
Shah Ali,BD302674,,,,Dhaka,BD3026,Dhaka,BD30,Bangladesh,BD,2015-01-01,2020-11-13,,3.77684264596859
Shah Makhdum,BD508190,,,,Rajshahi,BD5081,Rajshahi,BD50,Bangladesh,BD,2015-01-01,2020-11-13,,7.84043765218621
Shahbagh,BD302675,,,,Dhaka,BD3026,Dhaka,BD30,Bangladesh,BD,2015-01-01,2020-11-13,,4.01885645036697
Shahjadpur,BD508867,,,,Sirajganj,BD5088,Rajshahi,BD50,Bangladesh,BD,2015-01-01,2020-11-13,,323.060562652401
Shahrasti,BD201395,,,,Chandpur,BD2013,Chittagong,BD20,Bangladesh,BD,2015-01-01,2020-11-13,,158.538957487844
Shailkupa,BD404480,,,,Jhenaidah,BD4044,Khulna,BD40,Bangladesh,BD,2015-01-01,2020-11-13,,375.137814375831
Shajahanpur,BD501085,,,,Bogra,BD5010,Rajshahi,BD50,Bangladesh,BD,2015-01-01,2020-11-13,,223.868731085388
Shalikha,BD405585,,,,Magura,BD4055,Khulna,BD40,Bangladesh,BD,2015-01-01,2020-11-13,,229.372995839452
Shariatpur Sadar,BD308669,,,,Shariatpur,BD3086,Dhaka,BD30,Bangladesh,BD,2015-01-01,2020-11-13,,175.553850217795
Sharsha,BD404190,,,,Jessore,BD4041,Khulna,BD40,Bangladesh,BD,2015-01-01,2020-11-13,,338.877189069096
Sher-e-bangla Nagar,BD302680,,,,Dhaka,BD3026,Dhaka,BD30,Bangladesh,BD,2015-01-01,2020-11-13,,4.4161437604157
Sherpur,BD501088,,,,Bogra,BD5010,Rajshahi,BD50,Bangladesh,BD,2015-01-01,2020-11-13,,297.297249815094
Sherpur Sadar,BD458988,,,,Sherpur,BD4589,Mymensingh,BD45,Bangladesh,BD,2015-01-01,2020-11-13,,358.350202832601
Shib Char,BD305487,,,,Madaripur,BD3054,Dhaka,BD30,Bangladesh,BD,2015-01-01,2020-11-13,,332.79755353266
Shibalaya,BD305678,,,,Manikganj,BD3056,Dhaka,BD30,Bangladesh,BD,2015-01-01,2020-11-13,,200.401729224628
Shibganj,BD501094,,,,Bogra,BD5010,Rajshahi,BD50,Bangladesh,BD,2015-01-01,2020-11-13,,312.832120213361
Shibganj,BD507088,,,,Nawabganj,BD5070,Rajshahi,BD50,Bangladesh,BD,2015-01-01,2020-11-13,,523.387107543562
Shibpur,BD306876,,,,Narsingdi,BD3068,Dhaka,BD30,Bangladesh,BD,2015-01-01,2020-11-13,,214.395157817401
Shyamnagar,BD408786,,,,Satkhira,BD4087,Khulna,BD40,Bangladesh,BD,2015-01-01,2020-11-13,,1544.38695173625
Shyampur,BD302676,,,,Dhaka,BD3026,Dhaka,BD30,Bangladesh,BD,2015-01-01,2020-11-13,,2.29568934639118
Singair,BD305682,,,,Manikganj,BD3056,Dhaka,BD30,Bangladesh,BD,2015-01-01,2020-11-13,,212.194675462867
Singra,BD506991,,,,Natore,BD5069,Rajshahi,BD50,Bangladesh,BD,2015-01-01,2020-11-13,,536.996258690813
Sirajganj Sadar,BD508878,,,,Sirajganj,BD5088,Rajshahi,BD50,Bangladesh,BD,2015-01-01,2020-11-13,,314.330754558926
Sitakunda,BD201586,,,,Chittagong,BD2015,Chittagong,BD20,Bangladesh,BD,2015-01-01,2020-11-13,,264.533715379285
Sonadanga,BD404785,,,,Khulna,BD4047,Khulna,BD40,Bangladesh,BD,2015-01-01,2020-11-13,,8.72889268598359
Sonagazi,BD203094,,,,Feni,BD2030,Chittagong,BD20,Bangladesh,BD,2015-01-01,2020-11-13,,209.318339371521
Sonaimuri,BD207583,,,,Noakhali,BD2075,Chittagong,BD20,Bangladesh,BD,2015-01-01,2020-11-13,,175.344162946944
Sonargaon,BD306704,,,,Narayanganj,BD3067,Dhaka,BD30,Bangladesh,BD,2015-01-01,2020-11-13,,179.193565461944
Sonatola,BD501095,,,,Bogra,BD5010,Rajshahi,BD50,Bangladesh,BD,2015-01-01,2020-11-13,,156.644240169059
Sreebardi,BD458990,,,,Sherpur,BD4589,Mymensingh,BD45,Bangladesh,BD,2015-01-01,2020-11-13,,256.242190394083
Sreemangal,BD605883,,,,Maulvibazar,BD6058,Sylhet,BD60,Bangladesh,BD,2015-01-01,2020-11-13,,431.062233859621
Sreenagar,BD305984,,,,Munshiganj,BD3059,Dhaka,BD30,Bangladesh,BD,2015-01-01,2020-11-13,,198.957924045202
Sreepur,BD303386,,,,Gazipur,BD3033,Dhaka,BD30,Bangladesh,BD,2015-01-01,2020-11-13,,466.617324728376
Sreepur,BD405595,,,,Magura,BD4055,Khulna,BD40,Bangladesh,BD,2015-01-01,2020-11-13,,182.631036032276
Subarnachar,BD207585,,,,Noakhali,BD2075,Chittagong,BD20,Bangladesh,BD,2015-01-01,2020-11-13,,508.991697680178
Sujanagar,BD507683,,,,Pabna,BD5076,Rajshahi,BD50,Bangladesh,BD,2015-01-01,2020-11-13,,328.869212346361
Sulla,BD609086,,,,Sunamganj,BD6090,Sylhet,BD60,Bangladesh,BD,2015-01-01,2020-11-13,,263.706170892883
Sunamganj Sadar,BD609089,,,,Sunamganj,BD6090,Sylhet,BD60,Bangladesh,BD,2015-01-01,2020-11-13,,278.311367706156
Sundarganj,BD553291,,,,Gaibandha,BD5532,Rangpur,BD55,Bangladesh,BD,2015-01-01,2020-11-13,,414.992356747945
Sutrapur,BD302688,,,,Dhaka,BD3026,Dhaka,BD30,Bangladesh,BD,2015-01-01,2020-11-13,,2.1932733375405
Sylhet Sadar,BD609162,,,,Sylhet,BD6091,Sylhet,BD60,Bangladesh,BD,2015-01-01,2020-11-13,,317.703557088773
Tahirpur,BD609092,,,,Sunamganj,BD6090,Sylhet,BD60,Bangladesh,BD,2015-01-01,2020-11-13,,316.551097839989
Tala,BD408790,,,,Satkhira,BD4087,Khulna,BD40,Bangladesh,BD,2015-01-01,2020-11-13,,335.08781976953
Tangail Sadar,BD309395,,,,Tangail,BD3093,Dhaka,BD30,Bangladesh,BD,2015-01-01,2020-11-13,,319.949282131992
Tanore,BD508194,,,,Rajshahi,BD5081,Rajshahi,BD50,Bangladesh,BD,2015-01-01,2020-11-13,,297.402954948975
Taraganj,BD558592,,,,Rangpur,BD5585,Rangpur,BD55,Bangladesh,BD,2015-01-01,2020-11-13,,131.796185192793
Tarail,BD304892,,,,Kishoreganj,BD3048,Dhaka,BD30,Bangladesh,BD,2015-01-01,2020-11-13,,142.752543396979
Tarash,BD508889,,,,Sirajganj,BD5088,Rajshahi,BD50,Bangladesh,BD,2015-01-01,2020-11-13,,301.251233098793
Tazumuddin,BD100991,,,,Bhola,BD1009,Barisal,BD10,Bangladesh,BD,2015-01-01,2020-11-13,,161.522431504599
Tejgaon,BD302690,,,,Dhaka,BD3026,Dhaka,BD30,Bangladesh,BD,2015-01-01,2020-11-13,,2.46591072678905
Tejgaon Ind. Area,BD302692,,,,Dhaka,BD3026,Dhaka,BD30,Bangladesh,BD,2015-01-01,2020-11-13,,3.28662553366525
Teknaf,BD202290,,,,Cox's Bazar,BD2022,Chittagong,BD20,Bangladesh,BD,2015-01-01,2020-11-13,,316.988526801482
Tentulia,BD557790,,,,Panchagarh,BD5577,Rangpur,BD55,Bangladesh,BD,2015-01-01,2020-11-13,,188.623042191009
Terokhada,BD404794,,,,Khulna,BD4047,Khulna,BD40,Bangladesh,BD,2015-01-01,2020-11-13,,184.167595466248
Thakurgaon Sadar,BD559494,,,,Thakurgaon,BD5594,Rangpur,BD55,Bangladesh,BD,2015-01-01,2020-11-13,,693.3059444594049
Thanchi,BD200395,,,,Bandarban,BD2003,Chittagong,BD20,Bangladesh,BD,2015-01-01,2020-11-13,,1078.91179960684
Titas,BD201994,,,,Comilla,BD2019,Chittagong,BD20,Bangladesh,BD,2015-01-01,2020-11-13,,107.946808217773
Tongibari,BD305994,,,,Munshiganj,BD3059,Dhaka,BD30,Bangladesh,BD,2015-01-01,2020-11-13,,122.293679102068
Trishal,BD456194,,,,Mymensingh,BD4561,Mymensingh,BD45,Bangladesh,BD,2015-01-01,2020-11-13,,336.756802204335
Tungi Para,BD303591,,,,Gopalganj,BD3035,Dhaka,BD30,Bangladesh,BD,2015-01-01,2020-11-13,,126.416968910796
Turag,BD302693,,,,Dhaka,BD3026,Dhaka,BD30,Bangladesh,BD,2015-01-01,2020-11-13,,25.110258592404
Ukhia,BD202294,,,,Cox's Bazar,BD2022,Chittagong,BD20,Bangladesh,BD,2015-01-01,2020-11-13,,259.382863013123
Ulipur,BD554994,,,,Kurigram,BD5549,Rangpur,BD55,Bangladesh,BD,2015-01-01,2020-11-13,,461.014864882697
Ullah Para,BD508894,,,,Sirajganj,BD5088,Rajshahi,BD50,Bangladesh,BD,2015-01-01,2020-11-13,,414.604984050802
Uttar Khan,BD302696,,,,Dhaka,BD3026,Dhaka,BD30,Bangladesh,BD,2015-01-01,2020-11-13,,20.253603245679
Uttara,BD302695,,,,Dhaka,BD3026,Dhaka,BD30,Bangladesh,BD,2015-01-01,2020-11-13,,7.00288997546261
Wazirpur,BD100694,,,,Barisal,BD1006,Barisal,BD10,Bangladesh,BD,2015-01-01,2020-11-13,,252.199640017738
Zakiganj,BD609194,,,,Sylhet,BD6091,Sylhet,BD60,Bangladesh,BD,2015-01-01,2020-11-13,,263.589092978219
Zanjira,BD308694,,,,Shariatpur,BD3086,Dhaka,BD30,Bangladesh,BD,2015-01-01,2020-11-13,,258.420512373419
Zianagar,BD107990,,,,Pirojpur,BD1079,Barisal,BD10,Bangladesh,BD,2015-01-01,2020-11-13,,100.714674142076
