Consumer Price Index,Unnamed: 1,Unnamed: 2,Unnamed: 3,Unnamed: 4,Unnamed: 5,Unnamed: 6,Unnamed: 7,Unnamed: 8,Unnamed: 9,Unnamed: 10,Unnamed: 11,Unnamed: 12,Unnamed: 13,Unnamed: 14,Unnamed: 15,Unnamed: 16,Unnamed: 17,Unnamed: 18,Unnamed: 19,Unnamed: 20,Unnamed: 21,Unnamed: 22,Unnamed: 23,Unnamed: 24,Unnamed: 25,Unnamed: 26,Unnamed: 27,Unnamed: 28,Unnamed: 29,Unnamed: 30,Unnamed: 31,Unnamed: 32,Unnamed: 33,Unnamed: 34,Unnamed: 35
Base Year: 2021-22,,,,,,,,,,,,,,,,,,,,,,,,,,,,,,,,,,,
Descriptor,2023-04,2023-05,2023-06,2023-07,2023-08,2023-09,2023-10,2023-11,2023-12,2024-01,2024-02,2024-03,2024-04,2024-05,2024-06,2024-07,2024-08,2024-09,2024-10,2024-11,2024-12,2025-01,2025-02,2025-03,2025-04,2025-05,2025-06,2025-07,2025-08,2025-09,2025-10,2025-11,2025-12,2026-01,2026-02
"Prices, Consumer Price Index, General, Index",111.45,111.05604053507865,112.46,112.89,117.06,118.83,120.24,119.1,118.4,119.6,120.09,121.6,122.3,122.04,123.38,126.06,129.34,130.61,133.32,132.66,131.3,131.48716159330635,131.28544984698814,132.97626358903256,133.50483738751262,133.08126917849265,133.84615916085468,136.831860365527,140.06242382115946,141.52657836319193,144.20734486775703,143.64727915539305,142.43706077445256,142.7712410269778,143.2783515624339
"Food, Index",111.26,109.62339278793054,112.25,112.74,120.08,122.47,123.9,120.04,117.48,118.3,119.07,121.5,122.63,121.42,123.94,128.64,133.72,135.21,139.58,136.61,132.65,130.9742189410565,130.0825040047883,132.3465083673686,133.21190146019262,131.84644764714912,133.09848428598357,138.35793453982944,143.87727678188043,145.538190414969,149.46112105509619,146.65564867522042,142.8820337913864,141.83755401430182,142.17585109974473
"Non-Food, Index",111.6,112.22144473856461,112.63,113.02,114.61,115.87,117.27,118.33,119.16,120.66,120.92,121.69,122.02,122.54,122.93,123.96,125.77,126.87,128.22,129.44,130.19,131.90442084232214,132.2640003272834,133.48854540007463,133.7431295718478,134.08574931399508,134.4543641042891,135.5904573332019,136.9591866960844,138.26328523534352,139.93359867642155,141.20008549524513,142.07509222677243,143.53075973733687,144.17519356432925
01. Food and Nonalcoholic Beverages,111.26,109.62339278793054,112.25,112.74,120.08,122.47,123.9,120.04,117.48,118.3,119.07,121.5,122.63,121.42,123.94,128.64,133.72,135.21,139.58,136.61,132.65,130.9742189410565,130.0825040047883,132.3465083673686,133.21190146019262,131.84644764714912,133.09848428598357,138.35793453982944,143.87727678188043,145.538190414969,149.46112105509619,146.65564867522042,142.8820337913864,141.83755401430182,142.17585109974473
"02. Alcoholic Beverages, Tobacco and Narcotics",115.81,117.10903725698097,117.77,117.9,116.06,119.31,119.33,119.44,119.52,120.66,121.61,122.77,124.17,124.59,129.44,135.38,137.1,137.38,137.94,139.5,139.99,153.11547778176623,153.19606542967165,151.52887850178297,151.89952732679734,151.34427171193119,152.1612563867168,153.4907589063602,154.334922613528,154.75788725063848,155.42096164416373,156.38569690155398,156.99014783244695,165.97476608543272,166.10330037858623
03. Clothing and Footwear,108.03,108.19583233445901,108.4,108.88,112.53,113.16,114.28,115.92,116.22,117.37,117.4,117.96,118.3,118.34,118.43,118.8,122.64,122.86,124.15,126.33,127.48,129.32839810335938,129.52775879507857,135.30975134144336,135.75472091022093,136.5088938008803,136.66730082002843,137.56601713565638,139.67975233775428,139.93911958106017,140.99097846541343,142.03925991383878,142.9189740001357,143.5547381435725,143.8083324901448
"04. Housing, Water, Electricity, Gas, and Other Fuels",111.71,112.4039137164502,113.39,113.84,113.8,115,116.76,118.07,118.51,119.76,120.38,122.03,122.78,123.12,123.23,123.93,125.86,126.48,127.72,129.4,129.97,130.55604713418867,130.8206214250942,132.0478119717495,132.4123036076526,132.28570667122258,132.66799996586963,133.5985729298397,135.4504442491424,136.13412933411092,137.7022611609048,139.25278375599527,140.32743962838757,141.62174829966926,141.83277496084833
"05. Furnishings, Household Equipment, and Routine Maintenance of the House",113.8,113.92990159988226,114.03,114.22,119.77,120.89,122.68,124.56,124.95,125.92,125.95,126.26,126.7,126.85,126.96,127.09,129.17,130.8,132.51,133.36,133.64,135.4352140569407,136.28027793125796,137.01756456857,137.35240637135,137.96598182830505,138.17624692019933,138.86514332660042,139.65307654593394,140.95616121828027,142.83063795054983,143.30389609382428,143.7484239722728,144.368403440134,144.4819734163988
06. Health,108.05,109.50264415332262,109.52,109.92,110.5,111.06,114.28,114.8,120.93,122.38,122.39,122.84,122.84,123.06,123.77,124.5,125.66,125.88,126.71,126.85,127.19,127.47162840562827,127.62194788644727,128.69698454626894,128.74195951731878,128.93840873942227,129.01917238133572,129.607734094052,130.4457316493607,130.73246938643425,131.8843814123093,131.99531483806362,132.10820129567608,132.16898860053823,132.29123318950047
07. Transportation,110.11,110.37781660312132,110.52,110.64,115.73,116.2,117.22,117.85,118.05,119.21,119.31,119.2,119.17,119.33,119.48,119.79,120.7,123.37,123.83,124.51,125.23,126.43393086308174,126.64425583403064,127.1744801806197,127.32116350608914,127.25998913182374,127.1626294862696,128.27699824185908,128.85632236491153,131.14703323380667,132.25087432619424,133.7021327221123,134.33956691178466,134.7170333027657,135.06605077882676
08. Communication,106.64,106.63617477487134,106.64,106.65,104.51,105.88,106.66,106.71,107.07,108.3,108.32,108.34,108.34,110.31,110.36,114.08,114.58,115.03,117.13,117.37,117.48,118.28014834624123,118.59422417735152,118.80027931989856,118.81907621243157,118.90946621642968,119.0257089372709,123.06301418887284,123.45791544715175,124.00838313457092,126.97525936923337,127.33719121037792,127.63425469758003,127.7897079110521,128.23679490788692
09. Recreation and Culture,114.4,114.65262877775184,114.94,115.53,118.69,121.22,122.2,123.58,123.63,125.9,126,126.59,126.59,127.37,127.68,128.29,129.54,130.71,131.86,133.16,133.41,134.17888343874483,134.56420325188952,136.36151333228767,136.5794416213837,137.2857637027596,138.22705205462555,139.71008629252964,140.50535640364973,141.28272224062835,143.00773473759193,144.18749780450335,144.63656677881355,145.7743892027324,146.1892277120772
10. Education,109.25,109.3744615446433,109.37,109.68,109.68,111.19,112.12,112.24,112.32,113.97,114.11,114.26,114.26,115.64,115.67,116.42,117.76,118.76,120.51,121.32,122.59,124.07672659402036,124.40005400077982,124.56595314239163,124.73684211102865,125.14677860048278,125.3702011369064,126.39794188100018,128.32953955279618,129.10691768713346,130.6157627081776,131.53940667434063,131.9155220984564,133.23387640714293,133.78337154476677
11. Restaurants and Hotels,132.84,136.5649182791439,137.45,138.91,135.06,136.25,137.24,138.84,139.04,141.85,141.92,142.59,142.64,144.7,144.76,146.68,148.24,149.56,151.91,154.17,155.93,158.17397280800793,158.8938920516751,159.70498696428928,159.78921754688855,160.60073034150923,160.80700527823004,162.1400988862449,162.54797597735143,165.94697854227599,167.7688005535587,170.1658095946853,170.54590865409116,172.63000600901842,173.08978407906193
12. Miscellaneous Goods and Services,111.6,111.86974283556732,111.96,112.6,114.6,117.89,118.96,120.83,122.09,125.89,125.96,127.38,127.35,128.25,128.54,129.83,132.23,134.23,137.75,138.68,140.22,141.95311345229914,143.11025979522884,143.05107950054733,143.24235978382615,145.99468600486352,148.13662972636484,149.54251912420096,152.10687118063814,156.93107654470637,161.74655953032712,164.3900279138641,167.84692888235716,171.852194027335,177.50805769818942
"Prices, Consumer Price Index, General, Weight",100,100,100,100,100,100,100,100,100,100,100,100,100,100,100,100,100,100,100,100,100,100,100,100,100,100,100,100,100,100,100,100,100,100,100
"Food, Weight",44.86,44.86,44.86,44.86,44.86,44.86,44.86,44.86,44.86,44.86,44.86,44.86,44.86,44.86,44.86,44.86,44.86,44.86,44.86,44.86,44.86,44.86,44.86,44.86,44.86,44.86,44.86,44.86,44.86,44.86,44.86,44.86,44.86,44.86,44.86
"Non-Food, Weight",55.1431524222777,55.1431524222777,55.1431524222777,55.1431524222777,55.1431524222777,55.1431524222777,55.1431524222777,55.1431524222777,55.1431524222777,55.1431524222777,55.1431524222777,55.1431524222777,55.1431524222777,55.1431524222777,55.1431524222777,55.1431524222777,55.1431524222777,55.1431524222777,55.1431524222777,55.1431524222777,55.1431524222777,55.1431524222777,55.1431524222777,55.1431524222777,55.1431524222777,55.1431524222777,55.1431524222777,55.1431524222777,55.1431524222777,55.1431524222777,55.1431524222777,55.1431524222777,55.1431524222777,55.1431524222777,55.1431524222777
01. Food and Nonalcoholic Beverages,44.86,44.86,44.86,44.86,44.86,44.86,44.86,44.86,44.86,44.86,44.86,44.86,44.86,44.86,44.86,44.86,44.86,44.86,44.86,44.86,44.86,44.86,44.86,44.86,44.86,44.86,44.86,44.86,44.86,44.86,44.86,44.86,44.86,44.86,44.86
"02. Alcoholic Beverages, Tobacco and Narcotics",2.64,2.64,2.64,2.64,2.64,2.64,2.64,2.64,2.64,2.64,2.64,2.64,2.64,2.64,2.64,2.64,2.64,2.64,2.64,2.64,2.64,2.64,2.64,2.64,2.64,2.64,2.64,2.64,2.64,2.64,2.64,2.64,2.64,2.64,2.64
03. Clothing and Footwear,6.11,6.11,6.11,6.11,6.11,6.11,6.11,6.11,6.11,6.11,6.11,6.11,6.11,6.11,6.11,6.11,6.11,6.11,6.11,6.11,6.11,6.11,6.11,6.11,6.11,6.11,6.11,6.11,6.11,6.11,6.11,6.11,6.11,6.11,6.11
"04. Housing, Water, Electricity, Gas, and Other Fuels",15.24,15.24,15.24,15.24,15.24,15.24,15.24,15.24,15.24,15.24,15.24,15.24,15.24,15.24,15.24,15.24,15.24,15.24,15.24,15.24,15.24,15.24,15.24,15.24,15.24,15.24,15.24,15.24,15.24,15.24,15.24,15.24,15.24,15.24,15.24
"05. Furnishings, Household Equipment, and Routine Maintenance of the House",3.84,3.84,3.84,3.84,3.84,3.84,3.84,3.84,3.84,3.84,3.84,3.84,3.84,3.84,3.84,3.84,3.84,3.84,3.84,3.84,3.84,3.84,3.84,3.84,3.84,3.84,3.84,3.84,3.84,3.84,3.84,3.84,3.84,3.84,3.84
06. Health,4.34,4.34,4.34,4.34,4.34,4.34,4.34,4.34,4.34,4.34,4.34,4.34,4.34,4.34,4.34,4.34,4.34,4.34,4.34,4.34,4.34,4.34,4.34,4.34,4.34,4.34,4.34,4.34,4.34,4.34,4.34,4.34,4.34,4.34,4.34
07. Transportation,9.37,9.37,9.37,9.37,9.37,9.37,9.37,9.37,9.37,9.37,9.37,9.37,9.37,9.37,9.37,9.37,9.37,9.37,9.37,9.37,9.37,9.37,9.37,9.37,9.37,9.37,9.37,9.37,9.37,9.37,9.37,9.37,9.37,9.37,9.37
08. Communication,2.34,2.34,2.34,2.34,2.34,2.34,2.34,2.34,2.34,2.34,2.34,2.34,2.34,2.34,2.34,2.34,2.34,2.34,2.34,2.34,2.34,2.34,2.34,2.34,2.34,2.34,2.34,2.34,2.34,2.34,2.34,2.34,2.34,2.34,2.34
09. Recreation and Culture,1.54,1.54,1.54,1.54,1.54,1.54,1.54,1.54,1.54,1.54,1.54,1.54,1.54,1.54,1.54,1.54,1.54,1.54,1.54,1.54,1.54,1.54,1.54,1.54,1.54,1.54,1.54,1.54,1.54,1.54,1.54,1.54,1.54,1.54,1.54
10. Education,3.76,3.76,3.76,3.76,3.76,3.76,3.76,3.76,3.76,3.76,3.76,3.76,3.76,3.76,3.76,3.76,3.76,3.76,3.76,3.76,3.76,3.76,3.76,3.76,3.76,3.76,3.76,3.76,3.76,3.76,3.76,3.76,3.76,3.76,3.76
11. Restaurants and Hotels,2.17,2.17,2.17,2.17,2.17,2.17,2.17,2.17,2.17,2.17,2.17,2.17,2.17,2.17,2.17,2.17,2.17,2.17,2.17,2.17,2.17,2.17,2.17,2.17,2.17,2.17,2.17,2.17,2.17,2.17,2.17,2.17,2.17,2.17,2.17
12. Miscellaneous Goods and Services,3.79,3.79,3.79,3.79,3.79,3.79,3.79,3.79,3.79,3.79,3.79,3.79,3.79,3.79,3.79,3.79,3.79,3.79,3.79,3.79,3.79,3.79,3.79,3.79,3.79,3.79,3.79,3.79,3.79,3.79,3.79,3.79,3.79,3.79,3.79
