Gross Domestic Product (Taka in Millions),Unnamed: 1,Unnamed: 2,Unnamed: 3,Unnamed: 4,Unnamed: 5,Unnamed: 6,Unnamed: 7,Unnamed: 8,Unnamed: 9
Base Year: 2005-06,,,,,,,,,
,,,,,,,,,
Descriptor,2007.0,2008.0,2009.0,2010.0,2011.0,2012.0,2013.0,2014.0,2015.0
Gross Domestic Product by Economic Sector at Current Prices,,,,,,,,,
Agriculture and Forestry,790100.0,899860.0,978070.0,1109903.0,1254686.0,1388791.0,1487578.0,1639682.0,1764997.0
Crops and Horticulture ,576250.0,657300.0,711580.0,814050.0,919028.0,1008993.0,1067941.0,1179029.0,1261209.0
Animal Farmings ,121980.0,142970.0,158300.0,175272.0,201707.0,229987.0,253588.0,276668.0,298845.0
Forest and Related Services ,91870.0,99590.0,108190.0,120581.0,133952.0,149810.0,166050.0,183985.0,204942.0
Fishing ,188900.0,206350.0,227930.0,246007.0,284820.0,318273.0,369946.0,423076.0,475813.0
Mining and Quarrying,78660.0,91100.0,109620.0,126449.0,142084.0,166504.0,194611.0,210799.0,238757.0
Natural Gas and Crude Petroleum,50180.0,53870.0,61940.0,68032.0,68456.0,73660.0,79531.0,81557.0,91877.0
Other Mining and Coal ,28480.0,37230.0,47690.0,58418.0,73628.0,92844.0,115080.0,129242.0,146880.0
Manufacturing ,876050.0,1013710.0,1161970.0,1285730.0,1465027.0,1679275.0,1971272.0,2232207.0,2544831.0
Large and Medium Scale,701310.0,810660.0,919960.0,1016187.0,1164533.0,1343974.0,1584482.0,1803818.0,2059920.0
Small Scale,174740.0,203050.0,242010.0,269543.0,300494.0,335301.0,386790.0,428389.0,484911.0
"Electricity, Gas and Water Supply ",57200.0,64410.0,70120.0,83457.0,115893.0,141894.0,163812.0,184006.0,198682.0
Electricity,45000.0,49500.0,52820.0,60034.0,86460.0,101891.0,121682.0,138335.0,150614.0
Gas ,8420.0,10450.0,12490.0,18088.0,23386.0,32997.0,34475.0,36759.0,37866.0
Water ,3780.0,4450.0,4810.0,5334.0,6048.0,7006.0,7655.0,8912.0,10203.0
Construction ,335130.0,385330.0,441800.0,494739.0,570716.0,683044.0,824321.0,908336.0,1084839.0
Wholesale and Retail Trade ,729710.0,861490.0,960940.0,1066064.0,1213319.0,1373962.0,1545794.0,1725752.0,1925854.0
Hotel and Restaurants,40690.0,48260.0,57900.0,70276.0,82283.0,97551.0,112634.0,130353.0,149279.0
"Transport, Storage and Communication",531320.0,596200.0,671850.0,804542.0,945711.0,1127023.0,1242805.0,1343166.0,1500253.0
Land Transport,372950.0,418880.0,469940.0,575736.0,687171.0,833454.0,921831.0,993106.0,1120956.0
Water transport,48990.0,51110.0,55250.0,63859.0,69342.0,70895.0,76486.0,80643.0,89674.0
Air Transport,5750.0,5950.0,6820.0,8106.0,9569.0,10224.0,10471.0,11156.0,12688.0
"Support transport services, storage ",27720.0,31370.0,34230.0,38258.0,44100.0,53913.0,60014.0,66716.0,74270.0
Post and Telecommunication,75910.0,88890.0,105610.0,118584.0,135528.0,158538.0,174003.0,191544.0,202665.0
Financial Intermediations,162650.0,187020.0,200030.0,234478.0,275454.0,363164.0,422365.0,485632.0,557610.0
Banks,137310.0,154310.0,158170.0,175085.0,215222.0,293511.0,347270.0,403897.0,466437.0
Insurances,17140.0,21080.0,26260.0,33562.0,37862.0,45841.0,49198.0,53636.0,59376.0
Others ,8190.0,11630.0,15600.0,25831.0,22371.0,23812.0,25897.0,28100.0,31796.0
"Real Estate, Renting and Business Activities ",413370.0,451180.0,494490.0,544324.0,601190.0,687147.0,788200.0,912291.0,1060609.0
Public Administration and Defense ,171320.0,196640.0,224640.0,254256.0,302820.0,334991.0,376782.0,447278.0,506741.0
Education ,118530.0,143320.0,162500.0,182575.0,213920.0,250477.0,284293.0,327673.0,376240.0
Health and Social Works,104530.0,121640.0,133680.0,153258.0,177312.0,201327.0,238683.0,269238.0,301352.0
"Community, Social and Personal Services",635440.0,722000.0,853660.0,956922.0,1046077.0,1172932.0,1389516.0,1565516.0,1764017.0
Total GVA at current basic price,5233608.0,5988503.0,6749198.0,7612981.0,8691312.0,9986356.0,11412612.0,12805005.0,14449873.0
Tax less subsidy,264390.0,298320.0,301520.0,362406.0,466976.0,565684.0,576620.0,631739.0,708149.0
GDP at current market prices,5498000.0,6286820.0,7050720.0,7975390.0,9158290.0,10552040.0,11989230.0,13436740.0,15158020.0
Gross Domestic Product by Economic Sector at Constant Prices,,,,,,,,,
Agriculture and Forestry,736456.0135110144,758022.383328194,789133.0,849042.0,882059.0,903322.0,916565.0,951513.0,974802.0
Crops and Horticulture ,532522.5893283582,546755.4467910448,568708.0,624923.0,649011.0,660385.0,664270.0,689378.0,701996.0
Animal Farmings ,113907.14813322577,116687.73934253927,120747.0,119120.0,122211.0,125489.0,128927.0,132581.0,136666.0
Forest and Related Services ,89416.77408117053,94309.52105904894,99678.0,104999.0,110838.0,117448.0,123367.0,129553.0,136139.0
Fishing ,190546.34523239653,198506.69984517098,206764.0,216066.0,230514.0,242787.0,257795.0,274189.0,291695.0
Mining and Quarrying,73707.89509454113,80299.43180659725,88199.0,95611.0,99069.0,105930.0,115839.0,121265.0,132901.0
Natural Gas and Crude Petroleum,49281.368188394146,53353.62827519691,58238.0,63197.0,63628.0,66032.0,71017.0,72769.0,79120.0
Other Mining and Coal ,24558.287036469508,27017.23763407907,29961.0,32414.0,35441.0,39898.0,44822.0,48496.0,53781.0
Manufacturing ,817169.4649342427,876104.3142804138,934589.0,996709.0,1096514.0,1205674.0,1329941.0,1446534.0,1595680.0
Large and Medium Scale,655471.0503318558,703052.5846220199,749336.0,796314.0,884753.0,979983.0,1084362.0,1185403.0,1312254.0
Small Scale,161808.5992807996,173291.3267014907,185253.0,200395.0,211760.0,225691.0,245579.0,261131.0,283426.0
"Electricity, Gas and Water Supply ",56089.06764100903,59884.50047509118,63424.0,74118.0,84023.0,92909.0,101257.0,105853.0,112435.0
Electricity,44863.49384795835,47859.87433494446,50439.0,60125.0,69638.0,77276.0,84765.0,88538.0,93934.0
Gas ,7325.848653404676,7891.772856537853,8556.0,9308.0,9314.0,10008.0,10600.0,10779.0,11336.0
Water ,3854.8776277684947,4086.803148250751,4429.0,4686.0,5071.0,5625.0,5892.0,6536.0,7164.0
Construction ,321956.90133824875,340235.2161120944,359616.0,385542.0,412350.0,447089.0,483046.0,522087.0,566983.0
Wholesale and Retail Trade ,660890.428414373,705961.2759565936,749785.0,812193.0,866497.0,924574.0,981731.0,1047757.0,1114256.0
Hotel and Restaurants,35373.54360056313,38044.81094901472,40928.0,43390.0,46079.0,49021.0,52204.0,55701.0,59504.0
"Transport, Storage and Communication",506133.5354704361,549385.1252133723,593396.0,640059.0,694094.0,757609.0,805140.0,853824.0,904748.0
Land Transport,352971.81412530533,369004.38598260854,388092.0,421685.0,451976.0,482827.0,511361.0,539808.0,573182.0
Water transport,49375.91693439448,50633.28305797794,51880.0,53495.0,55055.0,56765.0,58588.0,60433.0,62622.0
Air Transport,5326.107274741423,5657.30839138706,6074.0,7460.0,8596.0,9092.0,8943.0,8997.0,9781.0
"Support transport services, storage ",27884.204402443378,30239.020703699927,33156.0,34671.0,38821.0,45653.0,47187.0,48407.0,51005.0
Post and Telecommunication,80853.97557223923,98351.65394913689,114194.0,122747.0,139645.0,163271.0,179061.0,196179.0,208159.0
Financial Intermediations,132522.26735854935,144304.37394455101,157283.0,167107.0,184559.0,211797.0,231097.0,247902.0,267192.0
Banks,106454.78952347429,115373.30877370528,125817.0,129782.0,146633.0,172451.0,191197.0,207117.0,224700.0
Insurances,17517.697606403446,19275.094897252366,20891.0,24878.0,25795.0,26933.0,27098.0,27517.0,28604.0
Others ,8460.83071484682,9515.838570306363,10575.0,12447.0,12131.0,12413.0,12802.0,13267.0,13888.0
"Real Estate, Renting and Business Activities ",386266.9937816827,400764.62675577233,416051.0,440778.0,457896.0,475864.0,495089.0,516147.0,538880.0
Public Administration and Defense ,153503.48770003172,163037.81840455902,174471.0,188823.0,205518.0,220994.0,235419.0,251646.0,276365.0
Education ,111983.22606614839,120718.19189106031,130439.0,129306.0,136588.0,147175.0,156447.0,167809.0,181250.0
Health and Social Works,92689.83407569482,99200.53111406318,106340.0,113600.0,120801.0,125402.0,131367.0,138021.0,145174.0
"Community, Social and Personal Services",488324.84055792575,510866.8884390664,534893.0,641909.0,662646.0,684163.0,706426.0,729554.0,753518.0
Total GVA at constant basic price,4767265.320278253,5047330.110499099,5345311.0,5794253.0,6179206.0,6594308.0,6999363.0,7429801.0,7915384.0
Tax less subsidy,,,,,,,,311560.0,333240.0
GDP at constant market prices,5163830.0,5474370.0,5750560.0,6070970.0,6463420.0,6884930.0,7298960.0,7741361.0,8248624.0
Gross Domestic Product by Expenditure at Current Prices,,,,,,,,,
Domestic demand (1)+(2),,,,,,,12750971.0,14308511.0,16177888.0
Consumption (1),,,,,,,9347273.0,10468575.0,11799237.0
Private,4062644.0,4754869.0,5257991.0,5910930.0,6802819.0,7780747.0,8733888.0,9751386.0,10980061.0
General Govt.,294663.0,325549.0,359146.0,404777.0,466839.0,531753.0,613385.0,717189.0,819176.0
Investment (2),1439293.0,1647290.0,1847715.0,2093272.0,2511292.0,2982253.0,3403697.0,3839936.0,4378651.0
Private,,,,,,,2607486.0,2960024.0,3344722.0
Public,,,,,,,796211.0,879912.0,1033929.0
Resource balance (3)-(4),,,,,,,-865701.0,-878059.0,-1123611.0
Exports (3),934403.0,1110181.0,1194401.0,1277985.0,1824521.0,2127459.0,2342441.0,2551592.0,2627897.0
Imports (4),1261628.0,1569320.0,1632429.0,1736938.0,2518417.0,2949225.0,3208142.0,3429651.0,3751508.0
Gross Domestic Exp. at m.p.,,,,,,10472987.0,11885270.0,13430452.0,15054277.0
Gross Domestic Product at m.p.(5),5498000.0,6286820.0,7050720.0,7975390.0,9158290.0,10552040.0,11989230.0,13436740.0,15158020.0
Statistical Discrepancy (6),28623.0,18253.0,23894.0,25361.0,71234.0,79053.0,103962.0,6292.0,103745.0
Net factor income from abroad (7),352755.0,483895.0,559012.0,646035.0,725135.0,893020.0,964291.0,895494.0,984021.0
Gross National Income at m.p. (8)=(5)+(7),5850752.0,6770717.0,7609730.0,8621422.0,9883423.0,11445060.0,12953523.0,14332238.0,16142043.0
Net current transfers from abroad (9),39885.0,56713.0,24069.0,42479.0,31015.0,17909.0,53749.0,63342.0,56001.0
Gross Disposible National Income (10)=(8)+(9),5890637.0,6827430.0,7633799.0,8663901.0,9914438.0,11462969.0,13007272.0,14395580.0,16198044.0
Gross Domestic saving (11)=(5)-(1),,,,,,,2641959.0,2968169.0,3358785.0
Gross National saving (12)=(10)-(1),1533331.0,1747012.0,2016662.0,2348194.0,2644780.0,3150469.0,3659999.0,3927005.0,4398807.0
Current Account Balance (13)=(12)-(2)-(6),,,,,,,152339.0,80777.0,-83589.0
Memo items: (% of GDP),,,,,,,,,
Comsumption,,,,,,,77.96,77.91,77.84
Private,,,,,,,72.8,72.57,72.44
General Govt.,,,,,,,5.12,5.34,5.4
Investment,,,,,,,28.39,28.58,28.89
Private,,,,,,,21.75,22.03,22.07
Public,,,,,,,6.64,6.55,6.82
Exports of goods & services,,,,,,,19.54,18.99,17.34
Imports of goods & services,,,,,,,26.76,25.52,24.75
Gross Domestic saving,,,,,,,22.04,22.09,22.16
Gross National saving,,,,,,,30.53,29.23,29.02
Gross Domestic Product by Expenditure at Constant Prices,,,,,,,,,
Domestic demand (1)+(2),,,,,,,7490025.0,7933480.0,8438208.0
Consumption (1),,,,,,,5282071.0,5507931.0,5839989.0
Private,,,,,,,4913936.0,5110768.0,5408068.0
General Govt.,,,,,,,368135.0,397163.0,431921.0
Investment (2),,,,,,,2207954.0,2425549.0,2598219.0
Private,,,,,,,1713349.0,1873379.0,1986084.0
Public,,,,,,,494605.0,552170.0,612135.0
Resource balance (3)-(4),,,,,,,-255176.0,-228952.0,-325733.0
Exports (3),,,,,,,1436734.0,1482726.0,1440765.0
Imports (4),,,,,,,1691911.0,1711678.0,1766498.0
Gross Domestic Exp. at m.p.,,,,,,,7234849.0,7704528.0,8112475.0
Gross Domestic Product at m.p.(5),5163830.0,5474370.0,5750560.0,6070970.0,6463420.0,6884930.0,7298960.0,7741361.0,8248624.0
Statistical Discrepancy (6),,,,,,,64116.0,36833.0,136149.0
Net factor income from abroad (7),,,,,,,587054.0,515924.0,535480.0
Gross National Income at m.p. (8)=(5)+(7),,,,,,,7886019.0,8257285.0,8784104.0
Net current transfers from abroad (9),,,,,,,32722.0,36493.0,30474.0
Gross Disposible National Income (10)=(8)+(9),,,,,,,7918741.0,8293779.0,8814578.0
