Quarterly Gross Domestic Product (Taka in Millions),Unnamed: 1,Unnamed: 2,Unnamed: 3,Unnamed: 4,Unnamed: 5,Unnamed: 6,Unnamed: 7,Unnamed: 8,Unnamed: 9,Unnamed: 10,Unnamed: 11,Unnamed: 12,Unnamed: 13,Unnamed: 14,Unnamed: 15,Unnamed: 16,Unnamed: 17,Unnamed: 18,Unnamed: 19,Unnamed: 20,Unnamed: 21,Unnamed: 22,Unnamed: 23,Unnamed: 24,Unnamed: 25,Unnamed: 26,Unnamed: 27,Unnamed: 28,Unnamed: 29,Unnamed: 30,Unnamed: 31,Unnamed: 32,Unnamed: 33,Unnamed: 34,Unnamed: 35,Unnamed: 36,Unnamed: 37,Unnamed: 38,Unnamed: 39,Unnamed: 40
Base Year: 2015-16,,,,,,,,,,,,,,,,,,,,,,,,,,,,,,,,,,,,,,,,
,,,,,,,,,,,,,,,,,,,,,,,,,,,,,,,,,,,,,,,,
Descriptor,2015-Q3,2015-Q4,2016-Q1,2016-Q2,2016-Q3,2016-Q4,2017-Q1,2017-Q2,2017-Q3,2017-Q4,2018-Q1,2018-Q2,2018-Q3,2018-Q4,2019-Q1,2019-Q2,2019-Q3,2019-Q4,2020-Q1,2020-Q2,2020-Q3,2020-Q4,2021-Q1,2021-Q2,2021-Q3,2021-Q4,2022-Q1,2022-Q2,2022-Q3,2022-Q4,2023-Q1,2023-Q2,2023-Q3,2023-Q4,2024-Q1,2024-Q2,2024-Q3,2024-Q4,2025-Q1,2025-Q2
Gross Domestic Product by Economic Sector at Current Prices,,,,,,,,,,,,,,,,,,,,,,,,,,,,,,,,,,,,,,,,
Agriculture,612692,747861,597072,837424,667404,811174,659115,873976,734552,888428,697974,972848,788678,948534,751604,1045615,861226,1048680,811146,1083412,905334,1123352,879363,1198566,990652,1208166,952993,1303502,1072342,1344940,1037572,1486727,1196526,1551153,1175738.8787288303,1690027.3573617816,1333448.1788821665,1739823.0777895509,1318640.9852659814,1874167.5247411062
Agriculture Forestry and Fishing,612692,747861,597072,837424,667404,811174,659115,873976,734552,888428,697974,972848,788678,948534,751604,1045615,861226,1048680,811146,1083412,905334,1123352,879363,1198566,990652,1208166,952993,1303502,1072342,1344940,1037572,1486727,1196526,1551153,1175738.8787288303,1690027.3573617816,1333448.1788821665,1739823.0777895509,1318640.9852659814,1874167.5247411062
Industry,1465188,1514974,1733516,1735723,1646177,1733065,1911256,1971727,1939309,2102171,2177073,2220069,2300051,2390145,2463462,2539659,2631712,2736891,2834180,2228496,2688062,2841888,3090084,3137482,3012737,3421404,3735493,3292840,3364560,3949067,4214841,4007272,4177600,4719636,4590330.934546492,4182439.195522199,4125672.3453909215,4781321.649429731,5170966.725203831,4599191.27180719
Mining and Quarrying,70423,78281,92213,89610,83767,97639,111393,107043,99232,110494,114249,118784,119027,130352,135292,141428,133208,146572,161685,110774,132226,148612,171133,139050,129410,145200,176659,137893,143011,162360,212177,184888,183593,216383,114829.63176263985,219586.70161315403,241640.59306997675,167313.34204938498,133157.7220847503,243145.869524795
Manufacturing ,979505,1002444,1094400,1147522,1072386,1119597,1214045,1260033,1261799,1383580,1417751,1427112,1514225,1562730,1589012,1593407,1668374,1706217,1739612,1416436,1720329,1815705,1938132,2022419,1930987,2194279,2357645,2161458,2213950,2569992,2643386,2606121,2754210,2855209,2937964.2057069773,2677335.337227338,2758810.018418666,3111316.1842619698,3302591,2954562.5571626634
"Electricity, Gas, Steam and Air Conditioning Supply ",64211,59261,66359,76747,81009,73571,73390,86160,93468,82326,82193,90707,107926,89553,91220,116596,132725,110613,112504,113759,132234,109772,106136,126870,138031,120439,120815,153325,165941,134624,133434,162752,176071,146396,134533.95915226248,190993.74187152268,195427.82204360358,164007.26916530257,151049.3371438712,205658.77749783595
Construction ,351049,374989,480545,421843,409015,442258,512428,518490,484810,525771,562881,583467,558873,607510,647938,688228,697406,773489,820379,587528,703273,767799,874683,849143,814309,961487,1080374,840164,841659,1082092,1225844,1053512,1063726,1501648,1403003.1379246125,1094523.414810184,929793.9118586752,1338684.8539530742,1584168.6659752093,1195824.067621896
Services,2443779,2474044,2705586,3006426,2710890,2894607,3073626,3263270,3075669,3244389,3482678,3626407,3481857,3668473,3768197,4085168,3848818,4125424,4197834,4152875,4049708,4245326,4704394,5101930,4435530,4838567,5347054,5638352,5266362,5564136,5823042,6300013,6059426,6292034,6472949.260731978,6954568.664877334,6616641.804496439,7133556.466511392,7391761.139691105,7717496.904737412
Wholesale and Retail Trade; repair of motor vehicles,651689,703250,727894,802267,697346,823203,867508,858262,828569,936143,964694,1007750,947529,1037819,1050482,1148124,1054430,1179660,1189125,1034359,1066228,1140397,1306845,1463047,1209981,1398124,1509745,1553119,1490056,1594595,1594356,1794658,1720400,1834293,1799972.1279871725,1951840.6440166994,1897167.2561656146,2214537.274319654,2107545.0639076233,2212978.4083586303
"Transportation, Accomodation and Food Service, Information and Communication",474347,512292,535010,545843,551935,574040,598130,602458,616635,639905,652988,664205,676101,701127,728923,748497,743727,761795,785874,742347,754786,808799,886105,895512,836789,914906,968917,990840,998103,1051252,1086814,1089463,1122793,1145705,1192811.8662131405,1215456.4995202937,1223333.795000189,1273750.627566674,1317439.6349508646,1354301.0236918924
Financial and Insurance Activities ,139095,155269,173780,182571,168634,172926,183405,197500,188485,196214,208306,224229,214601,228703,238687,250974,235384,255025,295661,246098,247573,275712,301541,327879,307794,319186,327103,341307,345444,358185,365805,378410,381732,397382,406658.81179957464,417807.3032181905,417233.75600791245,461253.62472100556,440565.2374956679,469055.0477197675
"Real Estate Activities Professional, Scientific and Technical Activities",502524,512563,544366,547138,560506,567959,606068,607010,613286,627664,672823,665956,676549,697589,739368,745608,750048,773722,816089,826762,834508,875059,869909,884919,879363,918881,971276,1013078,968905,1014027,1084026,1126449,1155104,1132585,1193624.6213411563,1221468.3241479616,1230365.3887776898,1258703.6240392902,1299530.311606531,1326657.2190516284
"Public Administration and Defense; compulsory, Health and Education",403307,304534,424721,625525,445321,458275,477465,647301,504669,495017,603829,714261,619465,619711,605453,783144,645466,705791,680052,909981,756835,743251,800264,1011039,801936,765171,976468,1207291,943256,987827,1098701,1318096,1094880,1172961,1223317.9736879095,1475649.1977554383,1208971.5581357596,1274704.4443215798,1482347.7591867787,1596283.1257228232
"Arts, entertainment and recreation, and Other Services ",274062,285927,299238,302619,286642,297339,341766,351393,323987,349350,380121,350056,347367,383146,405725,409003,419517,449199,431216,393623,389758,402174,540350,518869,399122,521903,593745,533455,520598,558250,593339,592936,584516,609108,656563.8597030244,672346.6962187494,639570.0504092737,650606.8715431882,744333.1325436407,758222.0801926709
Total GVA at current basic price,4521659,4736880,5036175,5579572,5024471,5438846,5643997,6108973,5749530,6234989,6357726,6819324,6570585,7007152,6983263,7670441,7341756,7910995,7843159,7464783,7643105,8210566,8673840,9437978,8438918,9468137,10035540,10234694,9703264,10858143,11075454,11794012,11433552,12562823,12239019.0740073,12827035.217761315,12075762.328769527,13654701.193730675,13881368.850160917,14190855.701285709
Tax less subsidy,191594,233885,222438,236020,225263,263367,279961,256551,288013,314557,315353,308522,295207,301396,314318,364934,286532,322912,334328,190445,277485,350039,367231,328901,335337,395610,379757,408173,354574,411537,367557,343876,441147,536126,430830.99304259726,350136.06448368065,312119.3500146824,388274.10989820637,315811.56940498407,209647.06775884144
GDP at current market prices,4713253,4970765,5258613,5815592,5249734,5702213,5923958,6365524,6037543,6549546,6673079,7127846,6865792,7308548,7297582,8035375,7628288,8233907,8177488,7655228,7920590,8560605,9041071,9766879,8774255,9863747,10415297,10642867,10057839,11269680,11443011,12137887,11874699,13098494,12669850.067049898,13177171.282244995,12387881.67878421,14042975.30362888,14197180.419565901,14400502.76904455
Gross Domestic Product at Constant Prices,,,,,,,,,,,,,,,,,,,,,,,,,,,,,,,,,,,,,,,,
Agriculture,620328,742124,591693,840905,652389,774214,625028,832749,680124,800522,625821,880151,700612,823149,649630,910608,738814,873006,676872,900810,741614,891515,702787,954837,775839,912965,723494,978954,782622,952380,736673,1033912,790730,996648,769676.2831488056,1074040.4741233955,796987.5273452495,999038.8752042215,788301.5021018442,1106342.6653044738
Agriculture Forestry and Fishing,620328,742124,591693,840905,652389,774214,625028,832749,680124,800522,625821,880151,700612,823149,649630,910608,738814,873006,676872,900810,741614,891515,702787,954837,775839,912965,723494,978954,782622,952380,736673,1033912,790730,996648,769676.2831488056,1074040.4741233955,796987.5273452495,999038.8752042215,788301.5021018442,1106342.6653044738
Industry,1493363,1546095,1710852,1699091,1609428,1697095,1816221,1860999,1814054,1919726,1967994,1995531,2067665,2141980,2168530,2214743,2261796,2353093,2404740,1883835,2281060,2401537,2577398,2559494,2447820,2749495,2991408,2604119,2624184,3023208,3137560,2900540,2876946,3121076,3282069.778377035,2936818.6059065163,2898489.404506441,3263489.3020616174,3508906.5853194324,3057207.6595120565
Mining and Quarrying,71017,78675,91940,88894,81195,94717,108135,103622,97789,107320,108989,110596,109039,119733,120781,123156,117916,129726,142093,97922,114893,128671,150826,124926,111667,126089,154363,121403,125271,137597,173105,142911,131722,144877,96710.2626902317,178637.2848391281,197274.72895044327,135622.2788877858,99989.35107962454,184227.19753210942
Manufacturing ,997179,1023076,1078447,1125168,1058277,1107675,1159673,1197567,1183377,1250872,1277753,1283974,1369412,1410251,1415950,1416592,1463221,1501815,1515194,1226306,1491986,1560793,1644973,1669893,1608840,1808392,1943447,1733567,1759592,2007754,2012149,1945727,1963715,1998752,2170927.8276093537,1945869.6750559965,1915991.7099520192,2129501.234519531,2334062,2036230.7165913759
"Electricity, Gas, Steam and Air Conditioning Supply ",67932,61726,63809,73112,75749,67953,65356,76481,83302,73455,72854,79922,94026,76300,74161,90372,96805,80383,79312,81308,99123,85983,84082,100292,106022,90703,89851,112221,113497,91309,89850,105935,112977,91595,84138.32665160735,116761.66166263598,117375.39756143832,96499.72716493372,89327.78819270775,118778.46933576796
Construction ,357235,382617,476657,411917,394207,426750,483058,483329,449585,488079,508397,521040,495188,535696,557638,584622,583853,641168,668142,478299,575058,626089,697518,664384,621290,724312,803747,636927,625824,786549,862455,705966,668532,885852,930293.3614258425,695549.9843487559,667847.5680425407,901866.0614893666,985527.4460471,717971.2760528034
Services,2509278,2483121,2667043,2970383,2627198,2763950,2870989,3045337,2816667,2930215,3089274,3212367,3057190,3170680,3193502,3456068,3220223,3402729,3403704,3357236,3240687,3342970,3645457,3921965,3382447,3609392,3935875,4108750,3772595,3867867,3974842,4228805,3913455,3986318,4142650.937515307,4406473.199451659,4065771.826305626,4287460.000274215,4386310.552469715,4536829.251528766
Wholesale and Retail Trade; repair of motor vehicles,665803,703734,718383,797180,685537,793505,824998,818207,768734,850913,866466,908934,854555,918069,917162,1005823,921446,1008993,1006586,877363,897955,939734,1070635,1197571,976947,1099368,1178538,1198318,1125723,1171191,1159136,1281106,1177461,1224523,1226970.8401925587,1308109.3572794695,1207211.6670971974,1370512.793877997,1307644.7109603027,1358640.8581944646
"Transportation, Accomodation and Food Service, Information and Communication",494696,512063,524610,536124,528612,544055,561073,564164,568655,585256,592748,596360,607112,616523,636142,644811,637488,645190,661049,619004,628806,661010,705997,681918,660163,701070,729745,736203,735253,740045,753301,758033,756287,749489,786879.2075683372,799203.1803015926,789831.2244265159,804437.8172604743,813526.9662836831,834727.0797181688
Financial and Insurance Activities ,142208,155475,171587,181445,163446,164303,171903,185582,172539,176004,184639,199602,186294,194720,200600,211623,193581,205314,235540,196244,192705,210053,228344,247908,227026,229455,233319,240814,234377,236651,239679,243617,236015,240375,242743.33721175414,245032.7508297491,233092.93166212257,250384.29172418112,239821.8778432569,252087.08474933784
"Real Estate Activities Professional, Scientific and Technical Activities",518342,518985,534867,534397,537481,537702,554313,551874,554183,563873,577528,568387,573508,588719,594780,596332,595134,611507,614889,622890,623015,651607,623794,635205,628042,651685,662607,689964,671461,679084,688037,701311,691575,690477,714310.7105706164,726728.3288267456,728659.69737987,734804.3580237211,739719.8098535587,750117.5253446613
"Public Administration and Defense; compulsory, Health and Education",412341,304900,419286,621560,431500,435304,447348,607689,461317,443361,534747,636171,539475,530726,513469,667668,538568,579307,552619,741808,604357,580272,622942,786200,608746,565166,727039,886703,664106,676752,750250,882584,706604,735015,787516.0559067901,935269.7646268215,740591.5135930977,759343.1844240034,877112.6260546863,931714.7747614216
"Arts, entertainment and recreation, and Other Services ",277171,287731,297726,299208,280152,288291,312016,318421,291208,310724,333219,302957,296033,321602,331727,329969,333806,352232,333170,300164,293825,300337,394226,372665,281096,362353,404792,357305,341674,364144,384440,362153,345513,346440,384230.7860652508,392129.81758728094,366384.79214682244,367977.5549638373,408484.5614742265,409541.9287607117
Total GVA at current basic price,4622970,4771340,4969588,5510379,4889015,5235259,5312239,5739085,5310845,5650463,5683088,6088049,5825467,6135808,6011661,6581419,6220833,6628827,6485315,6141880,6263362,6636021,6925642,7436296,6606106,7271852,7650778,7691823,7179401,7843455,7849075,8163256,7581131,8104042,8194396.9990411475,8417332.279481571,7761248.758157317,8549988.177540053,8683518.639890991,8700379.576345297
Tax less subsidy,213670,221546,231065,217656,230435,240050,250744,230241,253507,265277,260171,236774,277427,260622,264262,263571,291400,269938,291200,174488,273160,280705,284268,243668,289014,311863,302334,237348,281373,306401,284401,196967,327751,353964,313506.8955727489,157024.1514616018,283219.2284799282,317768.9931078388,238178.40654101956,161079.80508891144
GDP at constant market prices,4836639,4992886,5200653,5728035,5119450,5475309,5562983,5969326,5564352,5915740,5943259,6324823,6102894,6396430,6275923,6844990,6512233,6898765,6776515,6316368,6536522,6916727,7209911,7679965,6895120,7583715,7953111,7929171,7460774,8149856,8133476,8360223,7908882,8458006,8507903.894613896,8574356.430943172,8044467.986637245,8867757.170647891,8921697.04643201,8861459.381434208
,,,,,,,,,,,,,,,,,,,,,,,,,,,,,,,,,,,,,,,,
**Notes: 1st Quarter(Q1): Jan to Mar,,,,,,,,,,,,,,,,,,,,,,,,,,,,,,,,,,,,,,,,
2nd  Quarter (Q2): Apr to Jun,,,,,,,,,,,,,,,,,,,,,,,,,,,,,,,,,,,,,,,,
3rd  Quarter (Q3): Jul to Sep,,,,,,,,,,,,,,,,,,,,,,,,,,,,,,,,,,,,,,,,
4th  Quarter (Q4): Oct to Dec,,,,,,,,,,,,,,,,,,,,,,,,,,,,,,,,,,,,,,,,
