BANGLADESH,Unnamed: 1,Unnamed: 2,Unnamed: 3,Unnamed: 4,Unnamed: 5,Unnamed: 6,Unnamed: 7,Unnamed: 8,Unnamed: 9,Unnamed: 10,Unnamed: 11,Unnamed: 12,Unnamed: 13,Unnamed: 14,Unnamed: 15,Unnamed: 16,Unnamed: 17,Unnamed: 18,Unnamed: 19,Unnamed: 20,Unnamed: 21,Unnamed: 22,Unnamed: 23,Unnamed: 24,Unnamed: 25
,,,,,,,,,,,,,,,,,,,,,,,,,
Asian Development Bank (ADB),,,,,,,,,,,,,,,,,,,,,,,,,
Key Indicators for Asia and the Pacific 2024,,,,,,,,,,,,,,,,,,,,,,,,,
https://kidb.adb.org,,,,,,,,,,,,,,,,,,,,,,,,,
,,,,,,,,,,,,,,,,,,,,,,,,,
,,2000,2001,2002,2003,2004,2005,2006,2007,2008,2009,2010,2011,2012,2013,2014,2015,2016,2017,2018,2019,2020,2021,2022,2023
,POPULATION,,,,,,,,,,,,,,,,,,,,,,,,
,Total populationa as of 1 July (million),129.3,131.1,132.9,134.8,136.7,138.6,140.6,142.6,144.7,146.7,148.6,150.6,152.7,154.7,156.8,158.9,160.8,162.7,164.6,166.5,168.22,171.684,169.82,171
,Population density (persons/km²),876,881,901,913,926,939,953,966,980,993,1007,1021,1035,1049,1063,1077,1090,1103,1116,1125,1140,1163.959322,1151,1171
,Populationa (% annual change),1.41,1.39,1.37,1.43,1.41,1.42,1.41,1.4,1.39,1.36,1.36,1.37,1.37,1.37,1.37,1.37,1.37,1.37,1.37,1.37,1.37,1.37,1.12,1.12
,Urban population (% of total population),23.05,23.07,23.15,23.2,23.72,24.21,24.59,24.75,25.09,25.51,25.94,25.9,26.8,27.3,33.535,34.308,35.083,35.858,36.632,37.405,38.177,38.946,39.711,40.473
,,,,,,,,,,,,,,,,,,,,,,,,,
,LABOR FORCE fiscal year ending 30 June (million),40.7,…,…,46.3,…,…,49.5,…,…,…,56.7,…,…,60.673,…,…,62.131,63.5,…,…,…,…,73.05,…
,Employed,39,…,…,44.3,…,…,47.4,…,…,…,54.1,…,…,58.073,…,…,59.531,60.8,…,…,…,…,70.473,…
,"     Agriculture, forestry, and fishing",19.8,…,…,22.9,…,…,22.8,…,…,…,25.7,…,…,26.19,…,…,25.398,24.693,…,…,…,…,31.97,…
,     Mining and quarrying,0.2,…,…,0.1,…,…,0.1,…,…,…,0.1,…,…,0.231,…,…,0.092,0.097,…,…,…,…,0.055,…
,     Manufacturing,3.7,…,…,4.3,…,…,5.2,…,…,…,6.7,…,…,9.5,…,…,8.595,8.772,…,…,…,…,7.924,…
,"     Electricity, gas, steam, and air-conditioning supply; water supply;
           sewerage, waste management, and remediation activities",0.1,…,…,0.1,…,…,0.1,…,…,…,0.1,…,…,0.199,…,…,0.167,0.122,…,…,…,…,0.147,…
,     Construction,1.1,…,…,1.5,…,…,1.5,…,…,…,2.6,…,…,2.144,…,…,3.326,3.432,…,…,…,…,3.832,…
,     Wholesale and retail trade; repair of motor vehicles and motorcycles,6.1,…,…,6.7,…,…,7.8,…,…,…,8.4,…,…,7.522,…,…,7.95,8.656,…,…,…,…,9.087,…
,     Transportation and storage,2.5,…,…,3,…,…,4,…,…,…,4,…,…,3.745,…,…,4.598,5.237,…,…,…,…,1.606,…
,     Accommodation and food service activities,…,…,…,…,…,…,…,…,…,…,…,…,…,0.871,…,…,1.003,1.158,…,…,…,…,5.747,…
,     Information and communication,…,…,…,…,…,…,…,…,…,…,…,…,…,0.144,…,…,0.179,0.168,…,…,…,…,0.254,…
,     Financial and insurance activities,0.4,…,…,0.3,…,…,0.8,…,…,…,1,…,…,0.448,…,…,0.425,0.418,…,…,…,…,0.551,…
,     Real estate activities,…,…,…,…,…,…,…,…,…,…,…,…,…,0.74,…,…,0.101,0.113,…,…,…,…,0.08,…
,     Other services,5.1,…,…,5.2,…,…,5.2,…,…,…,5.7,…,…,6.339,…,…,7.697,7.899,…,…,…,…,9.22,…
,Underemployed,…,…,…,…,…,…,…,…,…,…,…,…,…,…,…,…,…,…,…,…,…,…,…,…
,Unemployed,1.8,…,…,2,…,…,2.1,…,…,…,2.6,…,…,2.6,…,…,2.6,2.7,…,…,…,…,2.58,…
,Unemployment rate (%),4.41176,…,…,4.33839,…,…,4.23387,…,…,…,4.56942,…,…,4.3,…,…,4.2,4.2,…,…,…,…,3.53,…
,Labor force (% annual change),…,…,…,…,…,…,…,…,…,…,…,…,…,…,…,…,…,…,…,…,…,…,…,…
,Labor force participation rate (%),54.9,…,…,57.3,…,…,58.5,…,…,…,59.3,…,…,57.1,…,…,58.5,58.2,…,…,…,…,61.2,…
,     Male,84,…,…,87.4,…,…,86.8,…,…,…,82.5,…,…,81.7,…,…,81.9,80.5,…,…,…,…,80,…
,     Female,23.9,…,…,26.1,…,…,29.2,…,…,…,36,…,…,33.5,…,…,35.6,36.3,…,…,…,…,42.77,…
,,,,,,,,,,,,,,,,,,,,,,,,,
,NATIONAL ACCOUNTS fiscal year ending 30 June (Tk billion) ,,,,,,,,,,,,,,,,,,,,,,,,
,At Current Pricesb,,,,,,,,,,,,,,,,,,,,,,,,
,GDP by industrial origin at current market prices,2370.8,2535.5,2732,3005.8,3329.6,3707,4823.36966,5497.99749,6286.82174,7050.7181,7975.38743,9158.28847,10552.04011,11989.23182,13436.744,15158.022,20758.212,23243.073,26392.479,29514.288,31704.694,35301.84751,39717.16368,44908.41716
,"     Agriculture, forestry, and fishing",583.7,590.4,599,630.6,672,716.2,869.84728,979.00286,1106.21006,1205.99916,1355.90994,1539.50609,1707.06371,1857.52408,2062.758,2240.81,2795.05,3011.67,3293.802,3534.431,3804.464,4106.614077,4455.312973,4941.582675
,     Mining and quarrying,23.1,26.4,30,33.1,36.4,40.4,70.09194,78.66327,91.09888,109.62456,126.44943,142.08416,166.50432,194.61058,210.799,238.757,330.526,399.842,442.76,526.098,552.239,591.0208859,589.1621511,702.4355362
,     Manufacturing,348.4,382.3,418,458.1,515.3,588,738.34031,876.05486,1013.71025,1161.97145,1285.73035,1465.02699,1679.27499,1971.27181,2232.2,2544.831,4223.87,4666.061,5490.242,6259.374,6530.638,7496.584906,8644.36899,10033.44746
,"     Electricity, gas, steam, and air-conditioning supplyc",30.7,33.5,36.4,39.9,44.2,49.1,55.52701,57.19528,64.40698,70.11874,83.45701,109.846,134.888,156.157,175.094,188.48,245.546,292.335,326.252,381.438,445.225,449.0162674,504.1345054,552.9539926
,"     Water supply; sewerage, waste management, and remediation activities",,,,,,,,,,,,6.048,7.006,7.655,8.912,10.203,21.032,22.634,24.876,26.736,27.607,29.67628916,38.09448151,43.79634435
,     Construction,176.2,193.3,211.6,230.2,254,290.6,298.24712,335.1256,385.32645,441.80471,494.73881,570.716,683.044,824.321,908.336,1084.839,1628.426,1882.191,2156.929,2502.55,2878.801,3194.898832,3696.333666,4203.106279
,     Wholesale and retail trade; repair of motor vehicles and motorcyclesd,292,324.8,353.1,391,441,502.8,623.51659,729.70914,861.49222,960.9383,1066.06374,1213.319,1373.962,1545.794,1725.752,1925.854,2885.1,3246.32,3737.155,4183.954,4457.574,4976.516281,5670.969354,6473.665101
,     Transportation and storagee,197.4,221.3,255.2,311.1,344.4,382.9,464.97186,531.32215,596.20068,671.84707,804.54201,810.182,968.486,1068.802,1151.621,1297.588,1580.296,1787.217,1978.063,2197.115,2322.517,2562.154422,2852.715466,3240.817241
,     Accommodation and food service activitiesf,,,,,,,,,,,,82.283,97.551,112.634,130.353,149.279,238.86,266.702,301.06,335.495,360.151,398.5671241,444.5153494,511.5591657
,     Information and communicationg,,,,,,,,,,,,135.528,158.538,174.003,191.544,202.665,248.337,272.644,294.609,322.04,351.075,384.4799735,414.2217834,473.25627
,     Financial and insurance activities,36.5,39.1,42.1,47.2,52,59.3,142.15897,162.65071,187.02135,200.02725,234.47828,275.454,363.164,422.365,485.632,557.61,650.716,722.466,817.235,932.966,1032.169,1152.706002,1295.39012,1447.845261
,     Real estate activitiesh,,,,,,,,,,,,,,,,,1925.094,2141.511,2359.902,2607.154,2880.011,3130.287064,3401.816443,3734.139503
,"     Professional, scientific, and technical activitiesi",,,,,,,,,,,,601.19,687.147,788.2,912.291,1060.609,39.06,42.817,47.14,51.788,56.562,62.73224176,69.42001668,84.22703537
,     Administrative and support service activitiesj,,,,,,,,,,,,,,,,,142.438,157.215,172.688,200.172,230.048,271.3758561,311.3615291,375.0398767
,     Public administration and defense; compulsory social security,62.3,67,71.2,77.8,86.2,96.4,140.88952,171.3178,196.63585,224.64267,254.25565,302.82,334.991,376.782,447.278,506.741,667.295,784.63,902.487,990.056,1069.648,1169.964,1273.659838,1472.805906
,     Education,,,,,,,,,,,,213.92,250.477,284.293,327.673,376.24,544.789,608.58,681.642,769.606,856.425,956.4219531,1095.137956,1259.739928
,     Human health and social work activities,,,,,,,,,,,,177.312,201.327,238.683,269.238,301.352,546.003,635.152,733.648,868.11,1015.218,1185.002961,1382.069024,1615.333856
,"     Arts, entertainment, and recreation",,,,,,,,,,,,,,,,,30.071,33.65,37.716,42.44,47.61,53.40747974,60.73749146,69.12413001
,     Other service activitiesk,537.2,571.9,618.6,679.7,749,830.2,1172.52997,1312.56213,1486.39817,1702.22189,1907.35573,1046.1,1172.932,1389.516,1565.516,1764.017,1131.8,1244.3,1367.8,1506.9,1652.5,1806.8,1998.9,2195.997995
,"     Activities of households as employers; undifferentiated goods- and 
          services-producing activities of households for own use",…,…,…,…,…,…,…,…,…,…,…,…,…,…,…,…,…,…,…,…,…,…,…,…
,     Activities of extraterritorial organizations and bodies,…,…,…,…,…,…,…,…,…,…,…,…,…,…,…,…,…,…,…,…,…,…,…,…
,Gross value added at basic prices,2287.5,2450,2635.2,2898.7,3194.5,3555.9,4576.12057,5233.6038,5988.50089,6749.1958,7612.98095,8691.312,9986.356,11412.612,12805.005,14449.873,19874.27556,22217.92968,25166.034,28238.43238,30570.47717,33978.19131,38198.28555,43430.87356
,Taxes and duties on imports,83.3,85.5,96.8,107.1,135.1,151.1,247.2491,264.39369,298.32085,301.52231,362.40649,466.9,565.6,576.62,631.739,708.149,883.9367,1025.1429,1226.4452,1275.8552,1134.2173,1323.656197,1518.878124,1477.543601
,Net factor income from abroad,87.13,88.41,125.4,165.8,175.5,189.3,272.075,352.755,483.895,559.012,646.035,725.135,893.02,964.291,895.494,984.021,972.538,802.498,1055.433,1208.947,1312.318,1858.118,1573.46,1792.385
,GNI,2457.9,2623.9,2857.4,3171.6,3505.1,3896.3,5095.44466,5850.75249,6770.71674,7609.7301,8621.42243,9883.42347,11445.06011,12953.52282,14332.238,16142.043,21730.75,24045.571,27447.912,30723.235,33017.012,37159.96551,41290.62368,46700.80216
,,,,,,,,,,,,,,,,,,,,,,,,,
,               Structure of Output (% of GDP at current basic prices),,,,,,,,,,,,,,,,,,,,,,,,
,               Agriculture,25.51694,24.09796,22.73072,21.75458,21.03616,20.14117,19.0084,18.70609,18.47224,17.86878,17.8105,17.71316,17.09396,16.27606,16.10817,15.51,14.06,13.56,13.09,12.52,12.44,12.09,11.66364644,11.37804117
,               Industry,25.28525,25.93878,26.41166,26.2635,26.6051,27.22518,25.3972,25.73827,25.95879,26.42566,26.1445,26.39096,26.74366,27.63623,27.60732,28.15,32.45,32.69,33.54,34.34,34.13,34.61,35.26884414,35.77118843
,               Services,49.19781,49.96327,50.85762,51.98192,52.35874,52.63365,55.5944,55.55564,55.56897,55.70556,56.045,55.89588,56.16238,56.08771,56.28451,56.35,53.49,53.75,53.37,53.15,53.42,53.3,53.06750942,52.8507704
,,,,,,,,,,,,,,,,,,,,,,,,,
,Expenditure on GDP at current market prices,2370.856,2535.46,2732,3005.8,3329.7,3707.1,4823.36966,5497.997,6286.822,7050.718,7975.387,9158.288,10552.034,11989.272,13436.744,15158.022,20758.212,23243.073,26392.479,29514.288,31704.694,35301.848,39717.164,44908.417
,     Final consumption expenditure,1946.914,2079.2,2235.9,2445.7,2679.3,2965.1,3789.40256,4357.30646,5080.41782,5617.13686,6315.70707,7269.65819,8312.5,9347.273,10468.575,11799.237,15097.392,16952.16,19411.358,21579.552,23119.823,26355.718,29698.75041,33340.22698
,          Household final consumption,1838.528,1964.9,2099.3,2285,2495.2,2759.8,3527.00746,4062.64372,4754.86877,5257.99125,5910.93019,6802.81934,7780.747,8733.888,9751.386,10980.061,13879.862,15552.385,17838.586,19738.395,21226.67,24278.999,27435.26901,30796.08946
,          NPISHs final consumption,…,…,…,…,…,…,…,…,…,…,…,…,…,…,…,…,…,…,…,…,…,…,…,…
,          General government final consumption,108.386,114.3,136.6,160.7,184.1,205.3,262.3951,294.66274,325.54905,359.14561,404.77688,466.83885,531.753,613.385,717.189,819.176,1217.531,1399.775,1572.772,1841.157,1893.153,2076.719,2263.481409,2544.137517
,"     Gross capital formationl,m",545.865,585.36,632.4,703.5,799.9,909.2,1261.02879,1439.29298,1647.29016,1847.71518,2093.2724,2511.29171,2982.3,3403.7,3840,4378.651,6277.233,7193.004,8398.768,9507.653,9926.087,10950.188,12728.26902,13899.69411
,          Gross fixed capital formationm,545.865,585.36,632.4,703.5,799.9,909.2,1261.02879,1439.29298,1647.29016,1847.71518,2093.2724,2511.29171,2982.3,3403.7,3840,4378.651,6277.233,7193.004,8398.768,9507.653,9926.087,10950.188,12728.26902,13899.69411
,               Public,…,…,…,…,…,…,…,…,…,…,…,…,608.02,796.211,879.912,1033.929,1356.679,1693.581,1815.423,2055.377,2312.017,2583.368,2991.558859,3038.893369
,               Private,…,…,…,…,…,…,…,…,…,…,…,…,2374.233,2607.486,2960.024,3344.722,4920.555,5499.423,6583.344,7452.276,7614.069,8366.82,9736.710164,10860.80075
,          Changes in inventoriesn,…,…,…,…,…,…,…,…,…,…,…,…,…,…,…,…,…,…,…,…,…,…,…,…
,          Acquisitions less disposals of valuables,…,…,…,…,…,…,…,…,…,…,…,…,…,…,…,…,…,…,…,…,…,…,…,…
,     Exports of goods and services,331.446,390,390,427.2,514.9,614.7,788.788,934.403,1110.181,1194.401,1277.985,1824.521,2127.459,2342.441,2551.592,2627.897,2889.793,2979.703,3345.191,3864.824,3310.854,3764.158,5116.455,5908.674
,          Exports of goods,…,…,…,…,…,…,…,…,…,…,…,…,…,…,…,…,…,…,…,…,…,…,…,…
,          Exports of services,…,…,…,…,…,…,…,…,…,…,…,…,…,…,…,…,…,…,…,…,…,…,…,…
,     Less: Imports of goods and services,455.852,545.1,520.4,602.2,693,854.3,1049.491,1261.628,1569.32,1632.429,1736.938,2518.417,2949.225,3208.142,3429.651,3751.508,3614.616,3993.156,5236.227,5455.213,5018.428,6022.928,8299.99,8005.288
,          Imports of goods,…,…,…,…,…,…,…,…,…,…,…,…,…,…,…,…,…,…,…,…,…,…,…,…
,          Imports of services,…,…,…,…,…,…,…,…,…,…,…,…,…,…,…,…,…,…,…,…,…,…,…,…
,     Statistical discrepancy,2.483,26,-5.9,31.6,28.6,72.4,33.64131,28.62256,18.25302,23.89396,25.36053,71.2341,79,104,6.292,103.745,108.409,111.362,473.389,17.472,366.358,254.711,473.6795627,-234.8900909
,,,,,,,,,,,,,,,,,,,,,,,,,
,               Structure of Demand (% of GDP at current market prices),,,,,,,,,,,,,,,,,,,,,,,,
,               Household final consumption,77.54701,77.49679,76.84114,76.0197,74.93768,74.44633,73.12331,73.89316,75.63231,74.57384,74.11465,74.28047,73.7369,72.84777,72.57273,72.44,66.86,66.91,67.59,66.88,66.95,68.78,69.07660629,68.57531732
,               Government final consumption,4.5716,4.50806,5,5.34633,5.52903,5.53802,5.44008,5.35946,5.17828,5.09375,5.07533,5.09745,5.03934,5.11613,5.33747,5.4,5.87,6.02,5.96,6.24,5.97,5.88,5.699000586,5.665168552
,               Gross capital formationo,23.02451,23.08657,23.14788,23.40475,24.02391,24.52657,26.14415,26.1785,26.20227,26.20606,26.24666,27.42097,28.3,28.4,28.6,28.88669115,30.24,30.95,31.82,32.21,31.31,31.02,32.04727564,30.95120034
,                    Changes in inventoriesn,,,,,,,,,,,,,,,,,,,,,,,,
,               Exports of goods and services,13.98001,15.38182,14.27526,14.21252,15.46386,16.58169,16.35346,16.99533,17.65886,16.94013,16.02411,19.92207,20.16159,19.53787,18.98971,17.34,13.92,12.82,12.67,13.09,10.44,10.66,12.88222643,13.15716383
,               Imports of goods and services,19.22732,21.49906,19.04832,20.0346,20.81269,23.04497,21.75846,22.94705,24.96206,23.15266,21.77873,27.49877,27.95,26.76,25.52,24.75,17.41,17.18,19.84,18.48,15.83,17.06,20.89774084,17.82580758
,               Statistical discrepancy,0.10473,1.02545,-0.21596,1.0513,0.85894,1.95301,0.69746,0.5206,0.29034,0.33889,0.31798,0.77781,0.7,0.9,0.046826821,0.684423073,0.522246328,0.479119091,1.793651138,0.059198447,1.155532364,0.721523134,1.192631888,-0.523042464
,,,,,,,,,,,,,,,,,,,,,,,,,
,At Constant Prices,,,,,,,,,,,,,,,,,,,,,,,,
,GDP by industrial origin at 1995/1996 | 2005/2006 | 2015/2016 market prices,2049.277,2157.354,2252.6,2371.1,2519.7,2669.7,4823.36966,5163.83196,5474.3727,5750.56209,6070.97219,6463.42285,6884.93231,7298.965,7741.361,8248.624,20758.212,22126.229,23745.74,25617.356,26500.649,28339.44396,30351.49599,32104.32889
,"     Agriculture, forestry, and fishing",504.3,520.1,520.1,536.1,558.1,570.4,869.84728,928.06178,969.76765,1003.38065,1065.10821,1112.57365,1146.10914,1174.35979,1225.702,1266.498,2795.05,2884.38,2986.618,3083.999,3189.501,3290.754075,3391.252213,3505.586292
,     Mining and quarrying,20.3,22.3,23.3,24.9,26.8,29.1,70.09194,74.33351,80.03357,88.40855,95.61097,99.06922,105.9301,115.83879,121.265,132.901,330.526,387.669,424.694,472.709,487.657,519.3154767,513.5219226,578.8834836
,     Manufacturing,303.7,324,341.7,364.8,390.7,422.7,738.34031,816.12532,875.95785,934.58922,996.70918,1096.51351,1205.6738,1329.94128,1446.534,1595.68,4223.87,4523.191,4995.976,5612.204,5706.535,6367.645095,7094.245968,7725.22177
,"     Electricity, gas, steam, and air-conditioning supplyc",28.3,30.4,32.7,35.3,38.5,41.9,55.52701,58.31045,62.83909,67.39889,74.11801,78.952,87.284,95.365,99.317,105.27,245.546,262.905,284.658,308.124,310.201,339.8034348,360.7022243,369.5886048
,"     Water supply; sewerage, waste management, and remediation activities",,,,,,,,,,,,5.071,5.625,5.892,6.536,7.164,21.032,21.796,22.441,23.857,24.376,25.99553658,28.47475208,31.00260939
,     Construction,154.6,168,182.4,197.2,213.5,231.2,298.24712,318.3591,337.42177,359.61568,385.54195,412.35,447.089,483.046,522.087,566.983,1628.426,1787.343,1967.101,2173.144,2371.462,2563.04842,2786.275711,2980.794074
,     Wholesale and retail trade; repair of motor vehicles and motorcyclesd,263.3,280.2,298.7,316.9,337.7,361.6,623.51659,675.70994,724.81442,767.284,812.19299,866.497,924.574,981.731,1047.757,1114.256,2885.1,3122.247,3395.047,3695.607,3814.389,4105.895659,4453.170314,4737.156143
,     Transportation and storagee,181.4,195.8,208.6,222.9,236.8,255.5,464.97186,508.7794,550.78536,595.13551,640.05886,554.448,594.337,626.079,657.645,696.589,1580.296,1677.1,1790.096,1915.556,1948.698,2027.394698,2143.986337,2261.637049
,     Accommodation and food service activitiesf,,,,,,,,,,,,46.079,49.021,52.204,55.701,59.504,238.86,251.73,265.636,280.61,285.346,298.2781126,314.2832266,332.6502409
,     Information and communicationg,,,,,,,,,,,,139.645,163.271,179.061,196.179,208.159,248.337,269.075,287.286,308.422,328.686,352.0571878,368.9110444,392.3453191
,     Financial and insurance activities,31,32.7,34.9,37.2,39.8,43.4,142.15897,151.39002,157.32662,157.28294,167.10665,184.559,211.797,231.097,247.902,267.192,650.716,685.235,732.783,793.237,830.679,879.0097255,930.6143666,954.325272
,     Real estate activitiesh,,,,,,,,,,,,,,,,,1925.094,1989.206,2058.413,2132.677,2211.091,2286.67495,2371.342615,2458.696146
,"     Professional, scientific, and technical activitiesi",,,,,,,,,,,,457.896,475.864,495.089,516.147,538.88,39.06,40.61,42.269,44.032,45.521,47.83635898,49.87125291,54.26090753
,     Administrative and support service activitiesj,,,,,,,,,,,,,,,,,142.438,151.553,163.289,176.631,187.808,199.1099623,211.082937,226.9361872
,     Public administration and defense; compulsory social security,50.3,53.2,56.4,59.3,63.5,68.6,140.88952,152.93172,162.89059,174.47073,188.82323,205.518,220.994,235.419,251.646,276.365,667.295,742.202,806.56,858.9,906.023,960.814,1008.02345,1078.904149
,     Education,,,,,,,,,,,,136.588,147.1,156.447,167.809,181.25,544.789,577.218,611.202,654.343,689.242,729.3178533,786.7457341,830.2144213
,     Human health and social work activities,,,,,,,,,,,,120.801,125.402,131.367,138.021,145.174,546.003,602.421,657.834,738.094,817.037,903.6388914,992.8859083,1064.573662
,"     Arts, entertainment, and recreation",,,,,,,,,,,,,,,,,30.071,31.568,33.223,35.044,36.948,39.07722902,41.44947151,44.07534447
,     Other service activitiesk,434.5,451.7,470.1,489.8,512.1,536.6,1172.52997,1220.24146,1269.34152,1316.53453,1368.98287,662.646,684.2,706.426,729.554,753.518,1131.766,1167.31,1204.885,1244.287,1282.423,1321.975091,1364.097501,1408.335136
,"     Activities of households as employers; undifferentiated goods- and 
          services-producing activities of households for own use",…,…,…,…,…,…,…,…,…,…,…,…,…,…,…,…,…,…,…,…,…,…,…,…
,     Activities of extraterritorial organizations and bodies,…,…,…,…,…,…,…,…,…,…,…,…,…,…,…,…,…,…,…,…,…,…,…,…
,Gross value added at basic prices,1971.7,2078.4,2168.9,2284.4,2417.5,2561,4576.12057,4904.2427,5191.17844,5464.1007,5794.25292,6179.20638,6594.30904,6999.36286,7429.801,7915.384,19874.276,21174.759,22730.011,24551.474,25473.623,27257.64176,29210.93695,31035.18681
,Taxes and duties on imports,77.7,79.1,83.7,86.5,102.2,108.8,247.2491,259.58926,283.19426,286.46137,276.71926,284.217,290.624,299.602,311.56,333.24,883.937,951.47,1015.729,1065.882,1027.026,1081.802202,1140.55904,1069.142078
,Net factor income from abroad,75.1,75.2,103.4,130.8,132.8,136.3,272.075,331.31473,421.36101,455.9299,491.77053,511.76092,582.67237,587.05398,515.92,535.48,972.538,763.937,949.59,1049.323,1096.913,1491.650852,1202.423841,1281.348156
,GNI,2124.4,2232.6,2356,2501.8,2652.5,2806.1,5095.44466,5495.14668,5895.73372,6206.49199,6562.74272,6975.18377,7467.60468,7886.01896,8257.28,8784.104,21730.75,22890.166,24695.33,26666.679,27597.562,29831.09481,31553.91983,33385.67704
,,,,,,,,,,,,,,,,,,,,,,,,,
,               Growth of Outputp (% annual change),,,,,,,,,,,,,,,,,,,,,,,,
,               GDP,5.95047,5.27471,4.40788,5.25171,6.2761,5.95706,6.67193,7.0586,6.01377,5.04513,5.5718,6.46438,6.52146,6.01361,6.06108,6.55,7.11,6.59,7.32,7.88,3.45,6.94,7.099828896,5.775112039
,               Agriculture,7.38927,3.13306,–,3.07633,4.10371,2.20391,5.50168,6.6925,4.49387,3.46609,6.15196,4.4564,3.01423,2.46492,4.37176,3.33,2.79,3.2,3.54,3.26,3.42,3.17,3.053954676,3.371441337
,               Industry,6.1793,7.45709,6.49899,7.25737,7.60206,8.27483,9.79785,9.02783,7.03353,6.91317,7.0322,9.01915,9.43559,9.63934,8.15909,9.67,11.09,8.27,10.2,11.63,3.61,10.29,9.855659552,8.367351451
,               Services,5.4799,5.52837,5.43607,5.37101,5.66557,6.37028,6.60222,6.48511,5.76238,5.07997,5.52883,6.21663,6.57606,5.51416,5.621,5.8,6.25,6.37,6.55,6.88,3.93,5.73,6.256656436,5.37124825
,,,,,,,,,,,,,,,,,,,,,,,,,
,Expenditure on GDP at 1995/1996 | 2005/2006 | 2015/2016 market prices,2049.277,2157.354,2252.6,2371.1,2519.7,2669.7,4823.36966,5163.83196,5474.3727,5750.56209,6070.97219,6463.42284,6884.93232,7298.96499,7741.352,8248.624,20758.212,22126.229,23745.74,25617.356,26500.649,28339.444,30351.496,32104.329
,     Final consumption expenditure,1584.342,1659.242,1753.2,1825.4,1892.7,1971.3,3789.40256,4059.6187,4219.05708,4326.38103,4532.14688,4827.13267,5022.25048,5282.07129,5507.931,5839.989,15097.392,16055.234,17512.568,18480.278,19017.805,20524.089,22037.607,22593.20775
,          Household final consumption,1497.417,1568.43,1645,1702.9,1757.1,1825.2,3527.00746,3789.20098,3940.02198,4030.31715,4215.87391,4489.555,4674.26741,4913.93588,5110.768,5408.068,13879.862,14750.01,16138.461,16922.051,17429.171,18826.2,20233.744,20635.37712
,          NPISHs final consumption,…,…,…,…,…,…,…,…,…,…,…,…,…,…,…,…,…,…,…,…,…,…,…,…
,          General government final consumption,86.925,90.812,108.2,122.5,135.6,146.1,262.3951,270.41772,279.0351,296.06388,316.27297,337.57767,347.98307,368.13541,397.163,431.921,1217.531,1305.224,1374.107,1558.227,1588.635,1697.889,1803.863466,1957.830628
,"     Gross capital formationl,m",488.003,516.163,558.3,602.2,657.4,727.8,1261.02879,1351.15167,1483.76855,1593.39125,1729.85939,1895.25053,2095.5357,2207.95401,2425.549,2598.219,6277.233,6801.983,7627.262,8152.038,8473.708,9159.297,10226.664,10452.77087
,          Gross fixed capital formationm,488.003,516.163,558.3,602.2,657.4,727.8,1261.02879,1351.15167,1483.76855,1593.39125,1729.85939,1895.25053,2095.5357,2207.95401,2425.549,2598.219,6277.233,6801.983,7627.262,8152.038,8473.708,9159.297,10226.664,10452.77087
,               Public,…,…,…,…,…,…,…,…,…,…,…,…,…,494.605,552.17,612.135,1356.679,1599.576,1668.552,1679.696,1985.393,2165.682,2406.274,2405.783519
,               Private,…,…,…,…,…,…,…,…,…,…,…,…,…,1713.349,1873.379,1986.084,4920.555,5202.408,5958.71,6472.343,6488.315,6993.615,7820.39,8046.987347
,          Changes in inventoriesn,…,…,…,…,…,…,…,…,…,…,…,…,…,…,…,…,…,…,…,…,…,…,…,…
,          Acquisitions less disposals of valuables,…,…,…,…,…,…,…,…,…,…,…,…,…,…,…,…,…,…,…,…,…,…,…,…
,     Exports of goods and services,282.106,324.163,316.7,338.5,380.9,440.3,788.788,891.13849,954.23584,954.50788,963.49452,1246.17561,1402.34954,1436.7344,1482.72,1440.765,2889.793,2836.526,3009.722,3354.53,2767.407,3021.772,3909.948441,4224.019164
,          Exports of goods,…,…,…,…,…,…,…,…,…,…,…,…,…,…,…,…,…,…,…,…,…,…,…,…
,          Exports of services,…,…,…,…,…,…,…,…,…,…,…,…,…,…,…,…,…,…,…,…,…,…,…,…
,     Less: Imports of goods and services,359.959,400.333,355.4,381.7,422.2,502.7,1049.491,1217.26261,1194.12044,1163.07732,1171.06089,1512.46036,1671.54864,1691.91074,1711.678,1766.498,3614.616,3801.282,4711.118,4734.932,4194.697,4835.057,6342.776974,5722.855911
,          Imports of goods,…,…,…,…,…,…,…,…,…,…,…,…,…,…,…,…,…,…,…,…,…,…,…,…
,          Imports of services,…,…,…,…,…,…,…,…,…,…,…,…,…,…,…,…,…,…,…,…,…,…,…,…
,     Statistical discrepancy,54.785,58.119,-20.2,-13.3,10.9,33,33.64131,79.18569,11.43167,39.35924,16.53229,7.32439,36.34524,64.11603,36.83,136.149,108.409,233.768,307.305,365.441,436.427,469.343,520.053,557.1871327
,,,,,,,,,,,,,,,,,,,,,,,,,
,               Growth of Demandp (% annual change),,,,,,,,,,,,,,,,,,,,,,,,
,               Household final consumption,4.1094,4.74237,4.88195,3.51976,3.18281,3.8757,7.04767,7.43388,3.98029,2.29174,4.60402,6.49168,4.11427,5.1274,4.00559,5.82,3,6.27,9.41,4.86,3,8.02,7.48,1.984966992
,               Government final consumption,0.92185,4.47167,19.14725,13.21627,10.69388,7.74336,8.14657,3.05746,3.18669,6.10274,6.82592,6.73617,3.08237,5.79118,7.88503,8.75,8.37,7.2,5.28,13.4,1.95,6.88,6.24,8.535411099
,"               Gross capital formationl,m",7.2784,5.77046,8.16351,7.86316,9.16639,10.70885,9.88809,7.14677,9.8151,7.38813,8.56463,9.56096,10.56774,5.36466,9.85505,7.12,8.91,8.36,12.13,6.88,3.95,8.09,11.65,2.210955554
,               Exports of goods and services,14.39543,14.90823,-2.30224,6.88349,12.52585,15.59464,25.47639,12.97567,7.08053,0.02851,0.9415,29.33915,12.53226,2.45195,3.2007,-2.83,2.2,-1.84,6.11,11.46,-17.5,9.19,29.39255876,8.032605238
,               Imports of goods and services,10.23731,11.21628,-11.22391,7.40011,10.61043,19.06679,18.19044,15.986,-1.90116,-2.59966,0.68642,29.15301,10.51851,1.21816,1.16834,3.2,-7.09,5.16,23.93,0.51,-11.41,15.27,31.18309851,-9.773653798
,,,,,,,,,,,,,,,,,,,,,,,,,
,Investment Financing at Current Prices,,,,,,,,,,,,,,,,,,,,,,,,
,"Gross capital formationl,m",545.865,585.36,632.4,703.5,799.9,909.2,1261.02879,1439.29298,1647.29016,1847.71518,2093.2724,2511.29171,2982.3,3403.7,3840,4378.651,6277.233,7193.004,8398.768,9507.653,9926.087,10950.188,12728.26902,13899.69411
,Gross national saving,509.304,561.97,636.9,747.5,847.1,958.1,1342.5711,1533.33054,1747.01218,2016.66214,2348.19394,2644.77981,3150.46862,3659.9987,3927.005,4398.807,6665.847,7137.575,8078.679,9190.234,9960.883,10870.784,11656.92159,13448.00602
,     Gross domestic saving,423.942,456.26,496.1,560.1,650.4,742,1033.9671,1140.69054,1206.40418,1433.58114,1659.67994,1888.62981,2239.53962,2641.9587,2968.169,3358.785,5660.82,6290.913,6981.121,7934.736,8584.871,8946.13,10018.41359,11568.19002
,     Net factor income from abroad,87.13,88.41,125.4,165.8,175.5,189.3,272.075,352.755,483.895,559.012,646.035,725.135,893.02,964.291,895.494,984.021,972.538,802.498,1055.433,1208.947,1312.318,1858.118,1573.46,1792.385
,     Net current transfers from abroadq,-1.768,17.3,15.4,21.6,21.2,26.8,36.529,39.885,56.713,24.069,42.479,31.015,17.909,53.749,63.342,56.001,32.489,44.164,42.125,46.551,63.694,66.536,65.048,87.431
,,,,,,,,,,,,,,,,,,,,,,,,,
,               Savings and Investment (% of GDP at current market prices),,,,,,,,,,,,,,,,,,,,,,,,
,               Gross domestic saving,17.88139,17.99516,18.15886,18.63397,19.53329,20.01565,21.43661,20.74738,19.18941,20.33241,20.81002,20.62208,21.22376,22.0361,22.08826,22.16,27.27,27.07,26.45,26.88,27.08,25.34,25.22439312,25.75951413
,               Gross national saving,21.48186,22.16442,23.31259,24.86859,25.44073,25.845,27.83471,27.88889,27.78848,28.60222,29.44301,28.87854,29.85649,30.52738,29.22527,29.02,32.11,30.71,30.61,31.14,31.42,30.79,29.3498337,29.94540205
,"               Gross capital formationl,m",23.02396,23.08693,23.14788,23.40475,24.02319,24.52591,26.14415,26.1785,26.20227,26.20606,26.24666,27.42097,28.3,28.4,28.6,28.88669115,30.24,30.95,31.82,32.21,31.31,31.02,32.04727564,30.95120034
,,,,,,,,,,,,,,,,,,,,,,,,,
,At Current Market Pricesb (Tk),,,,,,,,,,,,,,,,,,,,,,,,
,Per capita GDPr,18507.41608,19518.86066,20759.87842,22532.23388,24627.21893,27058.39416,34501.9289,38772.90192,43719.2054,48358.83468,53960.67275,61198,69614,78009,86266,96004,129828.0834,143697.5121,161273.9334,178280.2028,189360.8939,208750.7984,231861.4084,262868.2812
,Per capita GNIr,19187.35363,20199.38414,21712.76596,23775.11244,25925.29586,28440.14599,36448.102,41260.59585,47084.26103,52192.93619,58331.68087,66044,75505,84283,92015,102236,135910.6277,148658.8598,167723.2643,185582.8123,197198.9038,219738.4277,241046.975,273359.8815
,,,,,,,,,,,,,,,,,,,,,,,,,
,At Current Prices ($ million),,,,,,,,,,,,,,,,,,,,,,,,
,GDP by industrial origin at current market prices,45468.43535,45433.63995,47194.58264,51690.42016,55947.76125,57627.0093,69971.61495,79825.87976,91646.93631,102126.4979,114507.8039,123506.2988,128899.3092,153504.9325,173061.5697,194465.9811,265226.9977,293772.8516,321464.0443,351250.6551,373959.2527,416264.3874,460218.7216,451534.1733
,GNI,47138.88445,47017.68009,49360.83472,54541.66498,58896.71371,60569.76432,73918.55008,84947.55874,98700.97666,110223.5367,123783.3469,133285.281,139808.0681,165851.2969,184595.2863,207090.2278,277653.084,303915.7499,334319.3642,365638.3789,389438.1423,438174.5254,478451.0344,469555.8078
,,,,,,,,,,,,,,,,,,,,,,,,,
,At Current Prices ($),,,,,,,,,,,,,,,,,,,,,,,,
,Per capita GDP,354.9448505,349.7585831,358.6214487,387.484409,413.8148021,420.6351044,500.5122672,562.9469661,637.3222271,700.4560898,774.748335,825.3003274,850.3755121,998.7934559,1111.08237,1231.658857,1658.809187,1816.215433,1964.338813,2121.71942,2233.526,2461.500724,2686.671229,2643.023726
,,,,,,,,,,,,,,,,,,,,,,,,,
,PRODUCTION INDEXES period averages ,,,,,,,,,,,,,,,,,,,,,,,,
,Agriculture; 2014–2016 = 100,59.79,58.8,60.42,62.07,60.91,68.29,70.43,74.13,80.07,80.07,84.78,89.13,90.45,94.36,97.98,100.76,101.26,110.83,110.78,112.26,116.05,121.49,124.83,…
,Mining; 1988/1989 | 2005/2006 | 2015/2016 = 100,213,239,251,269,290,307,336,360,384,418,134.37,135.24,142.36,153.15,157.18,172.97,185.57,185.55,186.12,182.7,168.6,169.39,84.49,…
,Manufacturing; 1988/1989 | 2005/2006 | 2015/2016 = 100,214,228,239,254,272,295,327,360,386,416,135.01,157.89,174.92,195.19,213.22,236.11,100,111,126.66,145.54,146.91,163.98,184.55,200.86
,,,,,,,,,,,,,,,,,,,,,,,,,
,ENERGY annual values,,,,,,,,,,,,,,,,,,,,,,,,
,Crude petroleum (t ’000),,,,,,,,,,,,,,,,,,,,,,,,
,     Production,72,80,93,80,89,…,…,1108,253.5,278.8,336,371.2,378.7,410.4,412.8,482.6,665.29355,690.79438,687.3,658.723027,609.132841,537.147746,407.439836,434.523926
,     Exports,…,…,…,…,…,…,…,…,…,…,…,…,…,…,…,…,…,…,…,…,…,…,…,…
,     Imports,1268,812,1241,1621,2947,1099,1366,2093,1040.1,860.9,1136.6,1409.3,1083,1292,1177,1303,…,…,…,…,…,…,…,…
,     Consumption,3525,…,…,…,…,3768,3782,3574,3626,…,3737,4868,5213.646,5086.496,5484.961,…,…,…,…,…,…,…,…,…
,,,,,,,,,,,,,,,,,,,,,,,,,
,Coal (t ’000),,,,,,,,,,,,,,,,,,,,,,,,
,     Production,–,–,–,–,–,…,…,…,677.1,857.6,730.9,666.6,861.1,854.8,942.8,956.8,1030.693,1132.324,923.3,805.7,811.1,753.97283,487.862611,767.30746
,     Exports,…,…,…,…,…,…,…,…,…,…,…,…,…,…,…,…,…,…,…,…,…,…,…,…
,     Imports,53,142,604,199,213,…,…,…,…,…,2.2,0.1,…,82.2,…,…,…,…,…,…,…,…,…,…
,     Consumption,53,142,604,199,213,…,…,…,501.7,790.6,820.4,643.9,859.2,946.9,862.7,836.3,916.41849,927.11067,…,…,…,…,…,…
,,,,,,,,,,,,,,,,,,,,,,,,,
,Natural gas (m³ million),,,,,,,,,,,,,,,,,,,,,,,,
,     Productions,9412,10573,11094,11926,12827,13783,14921,15920,17015,18511,19919,20075,21056,22669,23231.92,25263.4,27559,27445,27429,27233,24992.9,25173.639,23783.104,22645.614
,     Exports,…,…,…,…,…,…,…,…,…,…,…,…,…,…,…,…,…,…,…,…,…,…,…,…
,     Imports,…,…,…,…,…,…,…,…,…,…,…,…,…,…,…,…,…,…,…,…,…,…,…,…
,     Consumption,8780,9876,10326,11350,12111,12918,14021,15185,16551,18342,20111,20306,20569,22601,23450.36,24843.3,27380.598,27037,…,…,…,…,…,…
,,,,,,,,,,,,,,,,,,,,,,,,,
,Electricityt (kWh million),,,,,,,,,,,,,,,,,,,,,,,,
,     Production,14739,16254,17445,18458,20062,21162,22742,22783,24305,25504,27470,29348,33365,36482,38031.07,40357.86,48370,52620,57895,63747,64745,72320,77895,78024
,     Exports,…,…,…,…,…,…,…,…,…,…,…,…,…,…,…,…,…,…,…,…,…,…,…,…
,     Imports,…,…,…,…,…,…,…,…,…,…,…,…,…,…,…,…,3822,4656,4783,6786,6674,8103,7712,10425
,     Consumption,12461,14003,15238,16132,18024,19196,20962,21181,22622,23937,25744,28627,32443,35465,39256.06,42616,45354.848,49979.0376,55238.1214,62097.2532,63398.6463,71488.0047,76695.3113,79290
,,,,,,,,,,,,,,,,,,,,,,,,,
,PRICE INDEXES period averages ,,,,,,,,,,,,,,,,,,,,,,,,
,     Consumer (national); 1995/1996 | 2005/2006 | 2021/2022 = 100,124.3,126.7,130.3,136,143.9,153.2,100,109.39,122.84,132.17,141.18,156.59,170.19,181.73,195.08,207.58,219.86,231.82,245.22,258.65,273.26,288.44,306.18,109.02
,          Food and nonalcoholic beveragesu,…,…,…,…,…,…,…,…,…,…,…,170.48,183.65,193.24,209.79,223.8,234.77,248.9,266.64,281.33,296.86,313.86,332.86,108.71
,"          Alcoholic beverages, tobacco, and narcotics",…,…,…,…,…,…,…,…,…,…,…,,,,,,,,,,,,,
,          Clothing and footwear,…,…,…,…,…,…,…,…,…,…,…,140.09,160.79,179.66,194.77,208.5,233.38,243.56,255.24,277.64,290,298.14,320.14,106.71
,"          Housing, water, electricity, gas, and other fuelsv",…,…,…,…,…,…,…,…,…,…,…,132.33,143.36,155.61,163.47,171.8,182.74,194.01,200.25,206.98,220.7,228.29,232.43,108.25
,"          Furnishings, household equipment, and routine household maintenancew",…,…,…,…,…,…,…,…,…,…,…,158.13,175.58,195.33,206.14,214.45,227.39,235.85,249.68,265.25,282.67,298.15,320.3,109.68
,          Healthx,…,…,…,…,…,…,…,…,…,…,…,144.55,152.63,159.66,164.06,180.77,199.94,206.7,209.28,215.31,230.07,247.86,253.62,114.09
,          Transporty,…,…,…,…,…,…,…,…,…,…,…,127.44,148.58,159.34,167.2,181.78,201.34,210.78,218.8,235.23,248.48,271.45,313,109.67
,          Communication,…,…,…,…,…,…,…,…,…,…,…,,,,,,,,,,,,,
,          Recreation and culturez,…,…,…,…,…,…,…,…,…,…,…,139.52,144.48,157.23,164.38,168.02,171.01,177.56,183.65,186.72,190.13,193.61,202.6,108.58
,          Education,…,…,…,…,…,…,…,…,…,…,…,,,,,,,,,,,,,
,          Restaurants and hotels,…,…,…,…,…,…,…,…,…,…,…,,,,,,,,,,,,,
,          Miscellaneous goods and services,…,…,…,…,…,…,…,…,…,…,…,148.68,164.57,182.54,193.75,204.21,211.61,217.51,223.8,239.87,259.27,288.53,312.28,112.05
,     Wholesale (national)aa; 1969/1970 = 100,1753,1726,1730,1822,1889,1954,2128,…,…,…,…,…,…,…,…,…,…,…,…,…,…,…,…,…
,     Implicit GDP deflator; 1995/1996 | 2005/2006 | 2015/2016 = 100,115.68264,117.52028,121.28207,126.77886,132.14272,138.84935,100,106.47127,114.84095,122.6092,131.3692,141.69409,153.2628,164.25934,173.57413,183.76,100,105.0475995,111.1461656,115.2120757,119.6374257,124.5678905,130.8573511,139.882747
,,,,,,,,,,,,,,,,,,,,,,,,,
,               Price Indexes (% annual change),,,,,,,,,,,,,,,,,,,,,,,,
,               Consumer price index (national),2.81224,1.93081,2.84136,4.37452,5.80882,6.46282,7.18016,9.39,12.29545662,7.595245848,6.816978134,10.91514379,8.68510122,6.780656913,7.34606284,6.40762764,5.915791502,5.439825343,5.78,5.48,5.65,5.56,6.15,9
,               Food and nonalcoholic beverages price index (national)u,…,…,…,…,…,…,…,…,…,…,…,…,7.725246363,5.221889464,8.564479404,6.678106678,4.901697945,6.018656557,7.127360386,5.51,5.52,5.73,6.05,8.7
,               Wholesale price indexaa,-0.39773,-1.54022,0.23175,5.31792,3.67728,3.44097,8.90481,…,…,…,…,…,…,…,…,…,…,…,…,…,…,…,…,…
,               Implicit GDP deflator,1.85022,1.58852,3.20098,4.53223,4.23087,5.0753,5.17822,6.47127,7.86098,6.76436,7.14465,7.85944,8.16457,7.17496,5.66827,5.868311136,6.731606443,5.047599469,5.805526375,3.65816502,3.841047008,4.121172572,5.049022362,6.897125642
,,,,,,,,,,,,,,,,,,,,,,,,,
,MONEY AND INTEREST RATES as of end of period (Tk million),,,,,,,,,,,,,,,,,,,,,,,,
,Net foreign assets,…,…,78198,117411,136022,154524,182675,284993,328970,423429,614468,641193,721663,1065480,1476833,1711557,2020490,2340332,2198393,2204910,2502874,3346737,3044475,2714444
,Domestic claims,…,…,1274449,1410334,1620493,1880733,2223460,2536436,3010846,3453858,4101616,5117716,5978272,6547429,7550462,8555687,10117232,11635749,13557804,15397798,17136276,18979483,21709623,24128408
,     Net claims on central government,…,…,436030,469823,538877,596695,685069,759031,902321,1037957,1096648,1328275,1499469,1678806,1863569,2079055,2436272,2784855,3173751,3865828,4656407,5486177,6317298,7306161
,     Claims on other financial corporations,…,…,25639,30914,38951,36907,29931,38615,34816,44223,48451,68585,87627,84952,108165,123976,163156,218123,221888,305845,325502,317615,323123,341671
,     Claims on state and local government,…,…,1091,821,727,509,360,220,185,153,122,93,57,23,–,–,–,–,–,–,–,–,–,–
,     Claims on public nonfinancial corporations,…,…,54847,54878,69206,87143,127711,140597,85510,89003,110919,148562,128142,60345,79036,116317,93657,92948,107481,129622,193585,193638,264475,348585
,     Claims on private sector,…,…,756842,853898,972732,1159479,1380389,1597973,1988014,2282522,2845476,3572201,4262977,4723303,5499692,6236339,7424147,8539823,10054684,11096503,11960782,12982053,14804727,16131991
,Broad money liabilitiesab,…,…,1238389,1432298,1628128,1875586,2208868,2558216,2960446,3485772,4288190,5098450,5891446,6794442,7945149,9106464,10767126,12333580,13735931,15345241,17046673,19292439,20993526,22761575
,     Currency outside depository corporations,…,…,122313,135827,154645,181543,224635,262174,322286,355690,456370,541806,577160,668073,761327,871428,1204945,1359873,1393830,1527544,1905705,2079492,2347830,2901169
,     Transferable deposits,…,…,115833,127993,145594,167772,196750,233620,264358,301487,415253,479685,509361,555426,666914,732047,907651,1026326,1135894,1182821,1355862,1651715,1897350,1999861
,     Other deposits,…,…,752189,881869,1006761,1185541,1421974,1660702,1953308,2378628,2860435,3503070,4229050,4989539,5820445,6524824,7351656,8130936,8942922,9884459,10902870,12268208,13242297,14367391
,     Securities other than shares,…,…,248054,286609,321128,340730,365509,401720,420494,449967,556132,573889,575875,581404,696463,978165,1302874,1816445,2263285,2750417,2882236,3293024,3506049,3493154
,Liabilities excluded from broad money,…,…,-114258,-95447,-128387,-159671,-197267,-263213,-379370,-391515,-427894,-660459,-808489,-818467,-1082146,-1160780,-1370596,-1642501,-2020266,-2257467,-2592477,-3033781,-3760572,-4081277
,,,,,,,,,,,,,,,,,,,,,,,,,
,               Money Supply (M2)ac (% annual change),18.6202,16.60166073,13.12521365,15.59432546,13.79496379,16.74375578,19.30276017,17.06317688,17.63329165,19.17466187,22.43857179,21.34497568,17.38615727,16.70746718,16.09233323,12.41616931,16.35,10.88,9.24,9.88,12.64,13.62,9.5,10.53
,               M2ac (% of GDP at current market prices),31.53393,34.38201,36.09663,37.92485,38.95846,40.85134,37.45765155,38.46864252,39.57405034,42.0525393,45.51892973,48.10069059,49.005642,50.33728675,52.14235681,51.96021618,44.15,43.72,42.06,41.32,43.33,44.27,43.1,42.61
,,,,,,,,,,,,,,,,,,,,,,,,,
,Interest rates as of end of period (% per annum),,,,,,,,,,,,,,,,,,,,,,,,
,On deposits,,,,,,,,,,,,,,,,,,,,,,,,
,     Savingsad,5.8,5.2,4.6,4.1,4.2,4.2,5.2,5.2,5.2,5.1,4.9,5,5.3,5.2,4.9,4.5,3.6,3.2,3.3,3.3,2.8,2.2,2.3,2.46757645
,     Time: 6 months,8.7,8.7,8.4,8.3,7.5,8.1,9.8,10.3,10.3,10.2,8.4,11.2,11.8,12,10.3,8.8,6.4,6.1,7.5,8.4,6,5.3,6.2,7.075940897
,               12 months,9,8.9,8.5,8.8,8.2,8.3,10.3,10.7,10.9,10.9,9,10.3,11.7,12.1,11.3,9,7.3,6.4,7.4,8.2,6.5,5.7,6.2,7.27986243
,,,,,,,,,,,,,,,,,,,,,,,,,
,GOVERNMENT FINANCE fiscal year ending 30 June (Tk billion),,,,,,,,,,,,,,,,,,,,,,,,
,Central Government,,,,,,,,,,,,,,,,,,,,,,,,
,     Revenue,281.13,315.18,355.66,365.52,419.24,460.08,521.96,653.08,728.13,836.36,1016.66,1249.94,1423.24,1538.18,1538.4,1815.33,2015.19,2354.9,2110.53,2633.37,2766.61,3396.52,…,…
,          Taxes,190.38,209.35,241.46,269.54,303.99,338.84,379.14,479.72,527.36,623.03,793.45,949.85,1071.95,1156.74,1285.26,1518.56,1734.77,2035.84,1881.57,2254.49,2219.82,2697.92,…,…
,"               Taxes on income, profits, and capital gains",30.86,35.24,38.56,43.79,51.08,64.02,86.22,116.69,134.34,162.35,219.58,281.59,344.03,378.29,407.24,450.79,520.34,599.31,527.62,669.4,754.2,873.41,…,…
,                    Payable by individuals,13.2,16.71,22.65,25,28.67,31.86,51.76,73.86,63.97,86.6,93.86,94.89,103.88,108.43,130.23,147.59,191.91,209.57,196.23,238.5,224.36,287.99,…,…
,                    Payable by corporations and other enterprises,17.66,18.53,15.91,18.8,22.42,32.15,34.46,42.83,70.37,75.74,125.72,186.71,240.16,269.86,277.01,303.21,328.42,389.74,331.39,430.9,529.84,585.42,…,…
,"                    Other taxes on income, profits, and capital gains",–,–,–,–,–,–,–,–,–,–,–,–,–,–,–,–,–,–,–,–,–,–,…,…
,               Taxes on payroll and workforce,–,–,–,–,–,–,–,–,–,–,–,–,–,–,–,–,–,–,–,–,–,–,…,…
,               Taxes on property,2.36,1.57,1.6,1.6,1.69,1.74,1.9,2.08,2.25,2.47,2.62,2.95,3.06,3.79,4.14,5.6,8.53,13.84,5.78,6.69,6.67,9.17,…,…
,               Taxes on goods and services,102.75,113.91,130.5,147.01,166.48,188.99,203.79,259.12,289.84,352.53,442.13,520.55,571.06,614.24,694.26,849.89,972.29,1149.29,1086.53,1284.99,1184.61,1465.26,…,…
,               Taxes on international trade and transaction,47.83,51.62,64.73,69.74,75.9,75.26,76.24,87.9,84.87,89.32,107.92,120.78,126.61,131.61,149.23,178.48,194.6,230.6,218.08,243.97,237.98,315.92,…,…
,               Other taxes,6.58,7.02,6.06,7.4,8.83,8.83,10.98,13.93,16.06,16.36,21.2,23.97,27.19,28.81,30.39,33.8,39.02,42.81,43.55,49.45,36.35,34.16,…,…
,          Social contributions,–,–,–,–,–,–,–,–,–,–,–,–,–,–,–,–,–,–,–,–,–,–,…,…
,          Grants,18.63,19.74,32.89,15.44,17.21,14.16,10.86,24.95,21.31,32.27,24.5,35.92,68.79,58.71,24.84,21.69,13.04,14.25,2.96,17.07,25.2,23.48,…,…
,          Other revenue,72.12,86.09,81.31,80.54,98.04,107.08,131.97,148.41,179.46,181.06,198.71,264.17,282.51,322.73,228.3,275.07,267.37,304.81,226,361.82,521.59,675.12,…,…
,     Expense,236.69,249.44,289.99,292.33,342.17,388.74,461.77,558.85,669.71,722.96,845.05,982.72,1087.22,1246.66,1320.19,1586.83,1774.38,1950.8,1860.13,2441.52,2583.3,2942.88,…,…
,          Compensation of employees,67.84,70.67,74.67,79.92,86.98,102.95,126.78,132.19,142.87,165.7,206.9,217.35,225.5,274.39,300.67,418.28,514.68,489.99,518.62,561.97,579.55,597,…,…
,          Use of goods and services,40.85,44.5,62.35,55.56,60.13,65.65,69.28,82.72,94.22,106.62,124.57,158.5,162.98,190.99,200.14,225.05,245.71,285.25,244.31,414.99,398.39,435.29,…,…
,          Consumption of fixed capital,–,–,–,–,–,–,–,–,–,–,–,–,–,–,–,–,–,–,–,–,–,–,…,…
,          Interest,41.9,49.63,56.83,57.84,68.54,85.23,105.11,137.42,153.6,148.71,156.39,203.51,241.64,280.01,309.74,331.17,353.38,430.87,385.18,500.9,583.13,706.17,…,…
,          Subsidies,5.22,6.77,13.5,11.91,19.7,17.24,31.57,59.44,73.88,75.06,92.69,115.08,155.88,137.7,125.8,119,58.6,109.8,172.67,264.07,292.33,278.51,…,…
,          Grants,41.17,42.04,40.11,48.89,62.02,62.9,64.75,76,98.82,124.71,145.57,164.82,167.24,186.23,203.4,263.16,311.27,289.64,287,313.27,306.68,364.59,…,…
,          Social benefits,23.38,22.15,25.15,27.02,31.41,40.33,44.81,56.76,78.98,75.13,85.24,99.24,102,104.84,121.04,173.24,222.23,275.79,207.25,306.12,331.05,362.94,…,…
,          Other expense,16.34,13.69,17.37,11.18,13.39,14.43,19.46,14.31,27.35,27.04,33.69,24.21,31.99,72.5,59.4,56.93,68.51,69.45,45.09,80.2,92.16,198.38,…,…
,     Net operating balanceae,44.44,65.74,65.67,73.19,77.07,71.34,60.19,94.23,58.42,113.4,171.61,267.22,336.02,291.52,218.21,228.5,240.81,404.1,250.4,191.86,183.3,453.65,…,…
,     Gross operating balanceaf,44.44,65.74,65.67,73.19,77.07,71.34,60.19,94.23,58.42,113.4,171.61,267.22,336.02,291.52,218.21,228.5,240.81,404.1,250.4,191.86,183.3,453.65,…,…
,     Transactions in Nonfinancial Assets,,,,,,,,,,,,,,,,,,,,,,,,
,     Net/gross investment in nonfinancial assets,135.67,128.35,127.99,142.88,188.94,183.6,168.47,186.94,223.57,242.53,305.84,351.21,390.67,443.61,520.66,598.61,780.71,1067.61,720.22,1351.42,1417.37,1457.55,…,…
,          Fixed assets,121.74,110.72,114.28,126.08,166.56,161.71,143.38,140.21,154.18,205.09,219.3,268.75,326.45,362.36,447.5,503.73,682,920.32,606.83,1183.83,1261.5,1288.4,…,…
,          Inventories,13.15,16.87,13.2,15.91,21.25,20.36,23.88,43.8,57.78,30.95,79.46,74.29,54.1,63.12,60.22,48.53,54.3,103.68,79.36,101.83,87.39,107.41,…,…
,          Valuables,–,0.01,–,–,–,0.01,–,–,–,–,0.03,0.02,0.02,0.12,0.01,0.08,0.05,0.01,–,–,0.01,0.02,…,…
,          Nonproduced assets,0.77,0.75,0.51,0.89,1.13,1.52,1.21,2.92,11.6,6.49,7.05,8.16,10.11,18.01,12.93,46.27,44.37,43.6,34.04,65.76,68.48,61.73,…,…
,     Expenditure,372.36,377.79,417.98,435.21,531.11,572.34,630.24,745.78,893.28,965.48,1150.89,1333.93,1477.89,1690.27,1840.85,2185.44,2555.09,3018.41,2580.35,3792.93,4000.68,4400.43,…,…
,     Net lending/Net borrowing,-91.23,-62.61,-62.31,-69.69,-111.87,-112.26,-108.28,-92.71,-165.15,-129.13,-134.22,-83.98,-54.65,-152.09,-302.45,-370.12,-539.9,-663.52,-469.82,-1159.56,-1234.07,-1003.91,…,…
,     Primary balance,-49.33,-12.98,-5.48,-11.85,-43.33,-27.03,-3.17,44.71,-11.55,19.58,22.17,119.52,186.99,127.93,7.28,-38.95,-186.53,-232.65,-84.64,-658.65,-650.94,-297.74,…,…
,     Transactions in Financial Assets and Liabilities (Financing),,,,,,,,,,,,,,,,,,,,,,,,
,     Net acquisition of financial assets,4600.95,7264.8,13601.65,17788.2,21805.4,23964.64,38093.45,42984.74,46330.68,44105.57,53470.39,4928.3,6197.19,6753.41,6547.12,7608.08,8008.46,9600.5,8855.02,11710.93,16833.11,13815.87,…,…
,          Domestic,4600.95,7264.8,13601.65,17788.19,21805.39,23964.64,38093.44,42984.72,46330.68,44105.57,53470.39,4928.3,6197.19,6753.41,6547.12,7608.08,8008.46,9600.5,8855.02,11710.93,16833.11,13815.87,…,…
,          External,–,–,–,–,–,–,–,–,–,–,–,–,–,–,–,–,–,–,–,–,–,–,…,…
,     Net incurrence of liabilities,2967.16,3407.96,3544.57,3623.71,5040.76,5262.79,4659.32,5137.7,5464.77,5986.1,6378.74,5218.56,6280.15,6691.5,6705.02,7982.41,8416.82,10355.52,13861.51,18448.09,23238.47,20789.81,…,…
,          Domestic,2888.2,3323.99,3456.7,3540.95,4943.2,5146.78,4553.19,4980.22,5345.43,5821.07,6243.89,5064.54,6072.26,6483.5,6476.34,7608.92,8136.89,10081.62,13660.02,17919.02,22592.8,20092.37,…,…
,          External,78.96,83.98,87.87,82.76,97.57,116.01,106.13,157.48,119.33,165.03,134.86,154.02,207.89,208,228.68,373.49,279.93,273.9,201.49,529.07,645.67,697.44,…,…
,,,,,,,,,,,,,,,,,,,,,,,,,
,                    Government Finance (% of GDP at current market prices),,,,,,,,,,,,,,,,,,,,,,,,
,                    Revenue,9.65,10.03,11.84,11.1,11.33,11.03,11.22,12.32,11.88,12.18,13.03,13.89,13.67,12.94,11.48,10.57,10.2,10.46,8.32,10.38,9.59,10.71,…,…
,                    Taxes,6.54,6.66,8.04,8.18,8.21,8.12,8.15,9.05,8.6,9.07,10.17,10.56,10.29,9.73,9.6,8.85,8.78,9.05,7.41,8.88,7.69,8.51,…,…
,                    Taxes payable by individuals,0.45,0.53,0.75,0.76,0.77,0.76,1.11,1.39,1.04,1.26,1.2,1.05,1,0.91,0.97,0.86,0.97,0.93,0.77,0.94,0.78,0.91,…,…
,                    Taxes payable by corporations and other enterprises,0.61,0.59,0.53,0.57,0.61,0.77,0.74,0.81,1.15,1.1,1.61,2.08,2.31,2.27,2.07,1.77,1.66,1.73,1.31,1.7,1.84,1.85,…,…
,                    Expenditure,12.78,12.02,13.91,13.21,14.35,13.72,13.54,14.06,14.57,14.06,14.75,14.83,14.19,14.22,13.74,12.73,12.93,13.41,10.17,14.95,13.86,13.87,…,…
,                    Net lending/Net borrowing,-3.13,-1.99,-2.07,-2.12,-3.02,-2.69,-2.33,-1.75,-2.69,-1.88,-1.72,-0.93,-0.52,-1.28,-2.26,-2.16,-2.73,-2.95,-1.85,-4.57,-4.28,-3.17,…,…
,                    Primary balance,-1.69,-0.41,-0.18,-0.36,-1.17,-0.65,-0.07,0.84,-0.19,0.29,0.28,1.33,1.8,1.08,0.05,-0.23,-0.94,-1.03,-0.33,-2.6,-2.26,-0.94,…,…
,,,,,,,,,,,,,,,,,,,,,,,,,
,"Expenditure by Function, Central Government",,,,,,,,,,,,,,,,,,,,,,,,
,     Total expenditure,245.496,309.206,317.962,362.859,367.072,421.113,447.286,501.559,629.1,893.16,1015.17804,1282.83497,1524.52,1756.42,1890.95,2088.68,2400.47,2693.82,3593.33,4196.11,4494.5,4817.24,…,…
,          General public services,35.216,45.098,45.346,42.791,50.2,50.47,51.568,43.441,52,68.82,82.5,80.81,110.73,79.48,144.25,123.36,151.27,292.52,816.04,938.04,1188.42,1395.06,…,…
,          Defense,31.119,33.929,37.282,39.258,37.807,40.8,42.471,65.501,70.1,71.56,87.59,111.25,122.3,134.05,152.46,175.87,204.38,233.38,269.9,325.47,347.75,355.72,…,…
,          Economic affairs,43.228,64.559,72.346,88.656,45.837,56.769,56.753,64.751,100.2,173.8,221.16,281.76,336.75,450.31,441.79,473.04,603.28,566.09,852.38,988.78,1053.51,951.35,…,…
,               Agriculture,12.431,13.366,12.48,13.149,14.092,23.201,20.566,30.305,43.5,95.6,111.47,129.57,146.71,196.67,172.77,159.71,178.63,168.93,125.75,151.57,145.56,170.41,…,…
,               Industry,12.41,20.948,16.939,18.758,9.13,7.14,7.93,13.27,16.14,15.04,17.71,17.88,24.24,29.97,33.09,32.39,36.55,40.42,48.26,40.19,38.42,50.15,…,…
,"               Electricity, gas, and water",0.011,0.049,0.029,0.037,0.038,0.044,0.1,0.189,0.2,25.5,34.69,72.33,79.69,102.8,102.26,93.61,169.84,146.2,282.03,345.26,331.32,228.4,…,…
,               Transport and communications,16.684,28.427,41.06,36,28.907,30.261,33.283,27.881,45.2,43.78,66.23,70.49,94.55,124.8,142.44,194.06,235.17,228.97,413.82,451.76,538.21,502.39,…,…
,               Other economic services,1.692,1.769,1.838,20.712,2.8,3.263,2.804,6.376,11.3,12.1,14,16,18,17,15,16,17,20,19,18,20.5,21.2,…,…
,          Environmental protection,…,…,…,…,…,…,…,…,…,…,…,…,…,…,…,…,…,…,67.09,87.63,74.31,87.19,…,…
,          Housing and community amenities,6.719,17.637,9.853,10.359,9.6,10,13.204,9.951,16.6,13.73,12.49,13.25,13.36,13.73,16.95,19.62,38.63,50.05,34.71,59.61,54.96,63.27,…,…
,          Health,23.175,22.768,23.875,24.823,28.878,31.288,34.583,39.532,41.8,51.01,62.71,72.88,76.67,85.49,93.86,104.2,126.05,66.21,178.03,185.4,176.53,216.46,…,…
,          Education,48.443,57.356,56.43,61.782,65.493,70.834,83.128,96.92,104.1,120.98,159.04,188.03,191.07,212.84,267.02,303.1,399.24,490.02,512.48,632.6,659.69,719.26,…,…
,          Social protection,3.269,4.212,4.193,5.795,7.557,11.952,14.079,15.669,18.5,78.85,69.59,77.28,89.86,100.47,112.3,111.52,153.23,162.08,293.88,350.94,343.1,389.76,…,…
,          Othersag,54.327,63.647,68.637,89.395,121.7,149,151.5,165.794,225.8,314.41,320.13,457.58,583.78,680.05,662.32,777.97,724.39,833.47,568.82,627.64,596.23,639.17,…,…
,,,,,,,,,,,,,,,,,,,,,,,,,
,                    Expenditure by Function (% of GDP at current market prices),,,,,,,,,,,,,,,,,,,,,,,,
,                    Education,2.04332,2.26212,2.06552,2.05543,1.96699,1.91082,1.72344,1.76282,1.65584,1.71585,1.99414,2.05311,1.81074,2.05051,2.26097,2.00251,2.30832,2.50514,2.277182848,2.492710221,2.285907343,2.3,…,…
,                    Health,0.97752,0.89797,0.8739,0.82584,0.86731,0.84402,0.71699,0.71903,0.66488,0.72347,0.78629,0.79578,0.72659,0.82361,0.79475,0.68842,0.7288,0.33849,0.791068651,0.730554023,0.611698257,0.7,…,…
,                    Social protection,0.13789,0.16612,0.15348,0.19279,0.22696,0.32242,0.29189,0.28499,0.29427,1.11833,0.87256,0.84383,0.85159,0.96793,0.95089,0.73679,0.88594,0.82861,1.305843146,1.382851289,1.188883884,1.2,…,…
,,,,,,,,,,,,,,,,,,,,,,,,,
,EXTERNAL TRADE fiscal year ending 30 June (Tk billion),,,,,,,,,,,,,,,,,,,,,,,,
,"Exports, fob",249.23,324.19,309.34,375.887,441.6,531.3,707.5,841,968,1071.9,1121.3,1635.9,1924.4,2157.1,2314.26844,2384.23599,2617.09266,2691.58328,2979,3327.777585,2723.253713,3129.606889,4249.9,5204.3
,"Imports, fob",380.6545392,454.876056,442.0748859,504.1353,579.923352,728.745593,892.2270897,1070.75225,1336.433614,1396.045149,1479.724502,2315.008391,2634.618657,2683.816978,2842.29812,2925.20754,3122.65226,3441.00792,4471.4,4658.334046,4297.553959,5146.13109,7119.4,6911.1
,     Trade balance,-131.4245392,-130.686056,-132.7348859,-128.2483,-138.323352,-197.445593,-184.7270897,-229.7522498,-368.4336139,-324.1451492,-358.4245024,-679.1083913,-710.2186567,-526.7169776,-528.02968,-540.97155,-505.5596,-749.42464,-1492.4,-1330.556461,-1574.300246,-2016.524201,-2869.5,-1706.8
,,,,,,,,,,,,,,,,,,,,,,,,,
,               External Trade (% annual change),,,,,,,,,,,,,,,,,,,,,,,,
,               Exports,19.52904,30.07664,-4.58065,21.51258,17.48212,20.3125,33.16394,18.86926,15.10107,10.73347,4.60864,45.89316,17.63555,12.09208,7.286098929,3.023311764,9.76651099,2.846311907,10.67835137,11.70787463,-18.16599386,14.9216055,35.8,22.5
,               Imports,9.736663745,19.49839268,-2.814210581,14.03843921,15.03327619,25.6623984,22.43327415,20.00893743,24.81258985,4.460493561,5.994029151,56.44860834,13.80600894,1.867379204,5.905065201,2.916985358,6.749767916,10.19504042,29.94448441,4.180660323,-7.744830736,19.7455841,38.3,-2.9
,,,,,,,,,,,,,,,,,,,,,,,,,
,Direction of Trade calendar year ($ million),,,,,,,,,,,,,,,,,,,,,,,,
,"Exports, total",5589.577566,5735.614032,5443.255653,6229.390323,7585.600652,8494.401623,10861.217043,12263.282261,13627.575923,14377.479202,16496.6389,23099.859732,22250.716486,25912.792554,28433.668595,29924.446181,30195.060277,31392.754034,33775.434148,35919.38811,29924.200945,37848.891219,47085.866948,38768.56627
,     1. United States,1779.486589,1696.621601,1504.413978,1488.637734,1697.524943,2003.484355,2552.251491,2766.837769,2822.57087,2910.412511,3247.489547,3824.24921,3702.391133,3948.049823,4052.552527,4164.906663,3962.324977,3839.760324,4178.823354,4607.351118,4571.707545,7394.856501,9577.417717,6978.058821
,     2. Germany,607.795386,588.171514,566.161183,849.628538,1101.523726,1143.715434,1605.263782,1757.781936,1803.538888,1832.627838,2074.948528,3251.257978,2970.585889,3440.734239,3877.973708,3857.42397,3837.886918,4042.546968,4428.723416,4557.108397,4151.024585,4866.570882,6237.357663,4574.501385
,     3. United Kingdom,439.532606,486.504177,531.657356,604.108032,849.246237,794.780155,891.834018,971.556401,1169.448575,1241.572998,1243.941491,1981.990528,1908.095391,2193.27008,2238.837752,2656.666188,2588.737685,2731.010764,2854.274876,3050.036309,2798.704095,3660.880614,4463.422329,3860.619278
,     4. Spain,71.816393,88.384475,103.528735,158.884362,239.775395,298.77005,380.525722,419.344919,488.59446,494.506473,507.388856,836.447888,845.66801,1010.335841,1229.887779,1412.315184,1495.52953,1670.37368,1915.832139,2085.370688,1911.840058,2380.478128,3131.854041,3143.008514
,     5. France,288.604413,308.354567,311.486411,367.539262,526.416232,544.534762,630.925323,705.364313,864.435609,931.161668,997.692552,1450.898793,1164.485159,1354.281702,1466.439158,1503.963368,1549.885164,1588.559609,1687.599569,1881.280792,1555.540078,1897.440812,2778.691003,2160.800505
,     6. Italy,227.940059,263.033216,216.011333,240.7631,305.136092,326.23025,428.118682,477.118053,528.104052,530.612436,561.161612,869.663567,758.607036,920.259903,1161.697904,1170.860447,1159.276138,1280.826015,1373.159117,1391.654837,1151.32172,1271.621565,1773.315942,1498.234249
,     7. Poland,8.22574,6.636126,5.944064,6.127909,10.239542,14.597122,25.975203,36.250995,46.290163,56.886927,52.928875,208.738747,287.518098,364.840277,459.35188,511.327197,593.995743,766.481858,943.51933,1083.585448,1061.457162,1432.648039,1738.056315,1420.593171
,     8. India,50.129277,60.799617,39.32622,55.339959,66.146976,118.879773,152.678519,216.216307,318.81883,268.226686,320.902094,523.016363,519.968406,472.975319,431.999388,546.832308,642.798932,559.70829,877.279701,980.322249,879.478629,1454.631128,1720.707844,1571.52652
,     9. Netherlands,234.079493,251.469374,207.892799,227.443828,254.00027,241.396591,318.269896,411.686298,646.984311,847.647952,890.232648,831.909543,536.783264,612.787838,653.984542,620.123802,608.093061,833.517271,836.531891,904.737138,882.509524,1330.24814,1719.577716,1510.604723
,     10. Canada,96.612179,95.624993,82.556219,165.51534,247.443722,275.360226,361.422115,365.310016,435.035258,502.310489,552.829825,783.302622,778.19462,853.349706,778.262672,780.096751,770.01127,789.056253,832.185243,970.062755,805.395894,1155.909679,1552.260229,1196.985672
,,,,,,,,,,,,,,,,,,,,,,,,,
,"Imports, total",8865.509725,8926.336604,7807.281498,9827.298482,11583.985621,13530.581174,15866.012546,18477.579586,23841.340238,21821.112872,27631.816706,36012.375001,34046.224294,37250.712762,41635.060908,39168.361322,41248.199904,47751.479069,55318.924583,55095.294344,45857.952196,67282.638499,80161.527975,61597.815509
,"     1. China, People's Republic of",667.497697,772.396473,910.296941,1090.837528,1445.681788,1870.347464,2332.221218,2771.64296,3511.429008,3524.220387,4681.434027,6575.18338,6092.129668,6972.525778,7846.100525,8848.847752,10028.78891,10433.749057,13144.048573,13265.781719,10862.597232,16913.107691,19599.227016,16278.406668
,     2. India,945.447793,1195.492427,1145.82835,1494.218778,1745.05755,1951.237674,2061.705359,2646.578332,3498.15023,2748.594039,3859.817648,4870.252088,4704.225821,5246.115595,6174.399136,5575.188334,5530.175513,7281.71212,8641.555362,6936.466446,6289.501972,11024.044838,12808.141096,8716.920541
,     3. Singapore,760.890269,827.066188,905.55413,1040.729106,873.067103,852.310161,965.169768,1137.488063,1682.048392,1646.374478,1492.80912,1431.390418,1560.090685,1970.083025,2408.405,2038.016002,2101.536217,2739.905968,2879.703592,2592.77058,1675.94599,3842.870454,3536.199133,2230.799736
,     4. Indonesia,193.160171,179.515263,171.496829,209.241482,261.052451,269.52684,312.757161,378.675139,495.697005,583.955241,753.243621,1051.259485,1124.792305,1079.676824,1281.320928,1295.805257,1088.873099,1357.768133,1963.1594,1846.723782,1707.099413,2606.98363,3494.490049,3560.389737
,     5. Malaysia,128.43494,146.479443,147.839803,215.214883,274.782769,299.669936,347.815205,327.061053,621.215668,973.437017,1316.045308,1766.261025,1711.42812,1975.522149,1762.698773,1000.660848,957.198865,1195.941754,1507.675391,1649.86019,1230.469656,2347.069183,4107.373587,2727.179673
,     6. United States,213.94133,264.908266,234.192467,231.086815,268.19436,326.541997,376.708302,470.409014,428.593001,468.145133,534.096354,787.692965,573.086106,650.588843,876.518581,940.158104,861.288061,1435.284016,1727.46548,1946.830519,2071.124515,2513.7089,2781.918388,2305.596131
,     7. Japan,849.664256,720.708747,594.859973,566.699645,613.950119,570.993246,749.822718,653.835052,974.694548,1009.755101,1162.711187,1430.667639,1345.987252,1183.361934,1431.262419,1533.478114,1835.907435,1671.91522,1886.099562,1827.717724,1785.802188,2421.423896,2420.677498,1779.519565
,     8. Brazil,31.348235,36.927813,24.434536,43.289432,120.350453,94.146519,106.046817,211.722782,150.03222,392.975429,418.981737,883.789836,1098.686786,939.322623,984.525482,909.227653,1080.991334,1506.582021,1194.220167,1404.972636,1560.035353,2049.140724,2593.403487,2444.895427
,     9. Qatar,1.970197,4.151671,1.715124,5.581746,10.671531,15.091065,22.247862,51.810886,95.676598,68.224523,135.761841,165.977474,130.883683,158.565788,264.856114,209.110354,119.3269,181.786176,494.821027,1413.026755,1054.197847,1268.079266,2877.148302,2092.457909
,     10. Saudi Arabia,227.30246,237.3163,103.835586,199.993748,163.564068,292.502574,400.571275,343.330394,545.815245,391.199571,599.693213,709.403805,841.577878,825.065211,969.203058,585.138429,620.143689,628.193886,1065.977107,1027.802187,964.880933,1305.118662,2109.497259,1450.862296
,,,,,,,,,,,,,,,,,,,,,,,,,
,BALANCE OF PAYMENTS fiscal year ending 30 June ($ million),,,,,,,,,,,,,,,,,,,,,,,,
,Current account balance,-418,-1098,157,176,176,-557,824,936,702,2416,3724,-1686,-447,2388,1409,3492,4262,-1331,-9567,-4490,-5435,-4575,-18196,-2665
,     Balance on goods,-1865,-2011,-1768,-2215,-2319,-3297,-2889,-3458,-5330,-4710,-5155,-9935,-9320,-7009,-6794,-6965,-6460,-9472,-18178,-15835,-18569,-23778,-33250,-17163
,          Exports,5701,6419,5929,6492,7521,8573,10412,12053,14151,15581,16233,22592,23989,26567,29777,30697,33441,34019,36285,39604,32121,36903,49245,52332
,          Imports,7566,8430,7697,8707,9840,11870,13301,15511,19481,20291,21388,32527,33309,33576,36571,37662,39901,43491,54463,55439,50690,60681,82495,69495
,     Balance on services,-645,-914,-499,-691,-874,-870,-1023,-1255,-1525,-1616,-1233,-2612,-3001,-3162,-4096,-3186,-2708,-3288,-4201,-3176,-2578,-3020,-3987,-4384
,          Credit,849,759,865,887,924,1177,1340,1484,1891,1832,2478,2573,2694,2830,3115,3084,3523,3621,4540,7154,6716,7439,8531,6971
,          Debit,1494,1673,1364,1578,1798,2047,2363,2739,3416,3448,3711,5185,5695,5992,7211,6270,6231,6909,8741,10330,9294,10459,12518,11355
,     Balance on primary income,-302,-344,-402,-358,-374,-680,-702,-905,-994,-1484,-1484,-1454,-1549,-2369,-2635,-2252,-1915,-1870,-2641,-2382,-3070,-3172,-2726,-3407
,          Credit,97,97,50,64,63,116,136,244,217,95,52,124,193,120,131,76,74,82,146,177,174,217,345,443
,          Debit,399,441,452,422,437,796,838,1149,1211,1579,1536,1578,1742,2489,2766,2328,1989,1952,2787,2559,3244,3389,3071,3850
,     Balance on secondary income,2394,2171,2826,3440,3743,4290,5438,6554,8551,10226,11596,12315,13423,14928,14934,15895,15345,13299,15453,16903,18782,25395,21767,22289
,          Credit,…,…,2757,3358,3682,4253,5313,6457,8402,10154,11469,12212,13317,…,…,…,…,…,…,…,…,…,…,…
,          Debit,…,…,69,82,61,37,125,97,149,72,127,103,106,…,…,…,…,…,…,…,…,…,…,…
,Capital account,561,432,410,428,196,163,375,490,576,451,512,642,482,629,598,496,464,400,331,239,256,458,610,475
,     Credit,561,432,410,428,196,163,375,490,576,451,512,642,482,629,598,496,464,400,331,239,256,458,610,475
,     Debit,…,…,…,…,…,…,…,…,…,…,…,…,…,…,…,…,…,…,…,…,…,…,…,…
,Financial account,-116,682,391,413,-31,784,-141,762,-457,-825,-651,651,1436,2770,2855,1267,944,4247,9011,5129.7,8654,14067,16691,-2078.4
,     Direct investment,383,550,391,376,276,800,743,793,748,961,913,775,1191,1726,1474,1172,1285,1653,1778,2627.7,1271,1355,1827,1649
,     Portfolio investment,…,…,-6,2,6,…,32,106,47,-159,-117,109,240,368,937,379,139,457,349,171,44,-269,-158,-30
,     Financial derivatives,…,…,…,…,…,…,…,…,…,…,…,…,…,…,…,…,…,…,…,…,…,…,…,…
,     Other investment,-499,132,6,35,-313,-16,-916,-137,-1252,-1627,-1447,-233,5,676,444,-284,-480,2137,6884,2331,7339,12981,15022,-3697.4
,Net errors and omissions,152,-297,-550,-202,-170,-323,-720,-695,-490,16,-720,-263,-977,-659,621,-882,-634,-147,-632,-699.7,-306,-676,-5761,-3953.6
,Overall balance,179,-281,408,815,171,67,338,1493,331,2058,2865,-656,494,5128,5483,4373,5036,3169,-857,179,3169,9274,-6656,-8222
,Reserves and related items,-179,281,-408,-815,-171,-67,-338,-1493,-331,-2058,-2865,656,-494,-5128,-5483,-4373,-5036,-3169,857,-179,-3169,-9274,6656,8222
,International investment position,…,…,…,…,…,…,…,…,…,…,…,…,…,…,…,…,…,…,…,…,…,…,…,…
,,,,,,,,,,,,,,,,,,,,,,,,,
,               Balance of Payments (% of GDP at current market prices),,,,,,,,,,,,,,,,,,,,,,,,
,               Exports,12.09761,13.661,12.46344,12.50538,13.31302,14.1971,14.48026919,15.13311368,15.44117058,15.20373522,14.08080282,17.55647222,17.9825882,17.7117322,17.22343693,15.72920467,12.60810249,11.58003682,11.28742413,11.27514023,8.589434917,8.865664066,10.70027074,11.59013293
,               Imports,16.63973,18.55484,16.30908,16.8445,17.58732,20.59743,18.49808495,19.47479684,21.25711568,19.79969138,18.55234465,25.27706144,24.96902874,22.38450409,21.15318239,19.29808471,15.04368582,14.80429705,16.94217943,15.78331732,13.5549471,14.57814707,17.92504487,15.39127662
,               Balance on goods,-3.95756,-4.27984,-3.71654,-4.2667,-4.10489,-5.45991,-4.01781576,-4.341683158,-5.815945104,-4.595956158,-4.471541831,-7.720589215,-6.986440537,-4.672771896,-3.929745459,-3.568880038,-2.435583328,-3.224260231,-5.654755295,-4.508177092,-4.965512187,-5.712483,-7.224774131,-3.801143687
,               Balance on services,-1.418566518,-2.011725235,-1.057324744,-1.336804765,-1.562171534,-1.509708747,-1.4620214,-1.5721718,-1.6639945,-1.5823513,-1.0767825,-2.1148719,-2.3281738,-2.0598687,-2.3667877,-1.6383328,-1.020984466,-1.119232225,-1.30683392,-0.904197691,-0.689379634,-0.725531948,-0.866321036,-0.970938293
,               Current account balance,-0.9193,-2.41675,0.33267,0.34049,0.31457,-0.96653,1.145960604,1.175192434,0.766002526,2.357501078,3.230266106,-1.310207692,-0.335079283,1.592035852,0.81498548,1.789307838,1.606881756,-0.453071196,-2.97607239,-1.278289557,-1.453366295,-1.099108829,-3.953744063,-0.590225947
,               Overall balance,0.39367,-0.61849,0.86451,1.57669,0.30563,0.11626,0.470066364,1.874532375,0.361177829,2.008169378,2.485153704,-0.50978425,0.370311333,3.418743656,3.171444562,2.240734014,1.898699325,1.078724733,-0.266592875,0.050960764,0.847418177,2.228007711,-1.446258545,-1.820952246
,,,,,,,,,,,,,,,,,,,,,,,,,
,INTERNATIONAL RESERVES as of end of period ($ million),,,,,,,,,,,,,,,,,,,,,,,,
,Total,1515.5943534418,1305.3960824293,1722.0732227973,2624.1816228171,3222.3730876458,2825.328965812,3876.9965346535,5278.0133379244,5788.6292164101,10343.299923764,11177.525883545,9192.071637134,12751.107089824,18092.031824231,22310.710091374,27493.071470108,32278.832181625,33423.802813947,32019.221218811,32691.770990503,43164.189716514,46153.92209872,33747.833907749,21866.937188001
,"     Gold, national valuation",29.62962962963,30.368421052632,38.860103626943,46.289916759808,49.93225478785,58.087902129588,71.396407157884,94.581056665515,99.347069065583,124.40321251049,613.24641659258,682.54148600721,719.88819021689,527.65273311897,525.31514033463,469.69247251284,502.75595853737,574.613646736,566.48208956,678.88033979,841.82957792,805.87565311,818.30706638,938.91682588
,     Foreign exchange,1485.288,1273.6,1680.716,2574.4,3170.8731,2765.9776,3803.8949,5182.214,5686.7215,9499.8952,9904.0573,7775.0573,11393.3136,16579.58641966,20796.44149535,25801.34613638,30294.51760619,31289.07158072,29973.36330399,30648.47000485,41035.80094284,42851.17924887,30049.87466138,18156.63748585
,     Reserve position in the IMF,0.24257016810117,0.23397292501345,0.25311194857739,0.27665050426399,0.32526494303569,0.32899551210588,0.37555437209274,0.43942276695132,0.45596908370903,0.47925083205175,0.63277255534885,0.63081309213284,0.75254975009683,0.75405751280894,0.82980307842092,0.79367718851894,180.12585902799,190.94815581737,186.4775658366,185.40948507724,193.11143645175,187.65777551355,178.43975469888,179.89128048944
,     SDRs,0.43415364410291,1.1936884516586,2.2440072217872,3.2150555529964,1.2424679148703,0.93446817025413,1.3296731235595,0.77885849193757,2.1046782607892,718.52226042161,659.58939439674,733.84203803468,637.15274985707,984.03861393915,988.12365261132,1221.2391840264,1301.4327578697,1369.1694306739,1292.8982594244,1179.0111607853,1093.4477593023,2309.209421226,2701.2124252898,2591.4915957818
,,,,,,,,,,,,,,,,,,,,,,,,,
,EXCHANGE RATES (Tk–$),,,,,,,,,,,,,,,,,,,,,,,,
,End of period,54,57,57.9,58.7817,60.7423,66.21,69.0651,68.5761,68.92,69.2667,70.7497,81.8529,79.8499,77.75,77.9494,78.5003,78.7022,82.7,83.9,84.9,84.8,85.8,99,110
,Average of period,52.141666666667,55.806666666667,57.888,58.15004,59.512658333333,64.327475,68.933233333333,68.874875,68.598275,69.039066666667,69.649291666667,74.1524,81.862658333333,78.103235,77.641408333333,77.946908333333,78.468091666667,80.437541666667,83.466201916667,84.4535225,84.871391666667,85.08376325,91.745454439696,106.30948429748
,,,,,,,,,,,,,,,,,,,,,,,,,
,EXTERNAL INDEBTEDNESS as of end of year ($ million),,,,,,,,,,,,,,,,,,,,,,,,
,Total debt outstanding and disbursed,15600.5646971,14978.8024008,16687.5871821,18440.3775754,19714.0736918,18503.0860163,20160.9327171,21523.5441774,23346.9177083,25377.7950504,26571.755072,27046.0846482,29155.9767421,32454.6870168,35271.8393547,38704.9371442,41569.2528977,51068.2834646,57125.4593206,62468.3250288,73550.8578171,91477.5900716,97011.6563084,…
,     Long-term debt,14989.4578895,14410.2339606,15980.8218499,17679.803154,18698.2723226,17438.90141,18435.5552727,19578.8985901,20695.2225019,21969.8102246,22221.5026852,23671.9363489,25985.9364082,27225.4883662,29650.8213144,30461.3654829,32188.1616931,38678.0887226,46559.7152415,51317.2304892,60455.4887157,70088.3876237,75500.900844,…
,          Public and publicly guaranteed,14989.4578895,14410.2339606,15980.8218499,17679.803154,18698.2723226,17438.90141,18435.5552727,19433.4985901,20273.5625019,21184.6502246,21145.5426852,22217.9363489,24196.7864082,25034.6763662,26542.1473144,27103.7354829,29095.2576931,35282.7207226,41321.8422415,46416.5804892,54830.3877157,62473.4976237,67608.481844,…
,          Private nonguaranteed,…,…,…,…,…,…,…,145.4,421.66,785.16,1075.96,1454,1789.15,2190.812,3108.674,3357.63,3092.904,3395.368,5237.873,4900.65,5625.101,7614.89,7892.419,…
,     Short-term debt,334,360.743,572.094,617,712,688.428094,1178,1369.6700445,1893.5358056,1933.3215707,2947.346678,2103.3362531,1957.1661907,3732.7799387,4151.0198948,6630.821,7834.619,10764.94,9029.402,9737.331,10986.456,18088.196,18530.07,…
,     Use of IMF credit,277.1068076,207.8254402,134.6713322,143.5744214,303.8013692,375.7565123,547.3774444,574.9755428,758.1594008,1474.6632551,1402.9057088,1270.8120462,1212.8741432,1496.4187119,1469.9981455,1612.7506613,1546.4722046,1625.254742,1536.3420791,1413.7635396,2108.9131014,3301.0064479,2980.6854644,…
,,,,,,,,,,,,,,,,,,,,,,,,,
,               External debt (% of GNI),28.31228579,26.92586964,29.32377541,29.46495112,29.02310531,25.51422493,26.57291623,25.40555404,23.6582333,22.94501131,21.32272034,19.48238367,20.15737505,20.02705308,19.12712685,18.63120128,14.97112019,16.80446799,17.09160741,17.08532484,18.88928514,20.87695519,20.27696236,…
,               Total long-term debt (% of total debt),96.08279047,96.20417958,95.76472426,95.87549432,94.84732894,94.24861018,91.44197608,90.9650308,88.64220434,86.57099713,83.62828359,87.5244482,89.12730531,83.88769349,84.06372295,78.70149839,77.43262014,75.73798471,81.50431663,82.14920196,82.195491,76.61809583,77.82662797,…
,               Short-term debt (% of total debt),2.1409,2.4083,3.4282,3.3459,3.6116,3.7206,5.8429,6.3635,8.1104,7.6181,11.092,7.7768,6.7127,11.5015,11.7686,17.1317,18.8471,21.0795,15.8062,15.5876,14.9372,19.7733,19.1008,…
,               Debt service (% of exports of goods and services),10.60419301,9.64183503,10.18085588,8.255083709,7.085518766,7.612517852,5.456860516,7.033750716,5.31864338,6.042068946,5.083041824,5.629773752,6.03570025,6.110143101,6.134665739,5.001059616,4.92101274,5.799034299,6.795393733,13.14455259,10.45921111,11.4859587,11.23861728,…
,,,,,,,,,,,,,,,,,,,,,,,,,
,Debt service transactions during the year ($ million),,,,,,,,,,,,,,,,,,,,,,,,
,     Principal repayments on long-term debt,488.6551714,424.7564131,447.3466137,412.1571931,451.8496697,574.8394195,481.7086571,743.9982921,669.2729403,770.2991651,820.6841408,1081.40257,1142.587416,1437.96262,1547.239306,1290.147903,1325.359572,1468.12131,2033.199304,4680.723131,2871.37597,4401.294417,5140.608209,4256.534979
,     Interest on long-term debt,165.3945883,158.1950103,157.2571095,159.1062938,175.3501413,198.8537293,167.4756112,187.2834533,216.8504407,207.6309959,203.3130785,262.4895319,304.8323711,315.257892,360.3890276,330.9386653,376.6393795,553.1631547,640.9245696,808.5361739,862.6082555,900.0187576,1036.571976,2236.716517
,     Interest on short-term debt,22.23,16,12,13,23.68,35.05,58.83,72,39,23.9,31.8,49.54,27.98,47.25,51.21,87.25,136.71,243.6,298.6,323.94,181.24,209.82,436.24,…
,,,,,,,,,,,,,,,,,,,,,,,,,
,Average terms of new commitments,,,,,,,,,,,,,,,,,,,,,,,,
,     Interest rate (% per annum),2.3359,1.4577,1.3478,1.2234,1.0023,1.4527,2.0305,2.1095,1.1633,1.9725,0.9241,0.9528,1.73,0.6465,0.8141,0.9288,2.1082,1.2611,1.6288,1.4829,1.1935,1.1484,1.6616,…
,     Maturity (years),26.3605,33.0646,33.9977,31.8054,36.606,35.1229,33.5837,32.3136,37.4813,25.5339,31.5704,33.266,28.0864,34.7024,33.2655,32.2093,29.4323,24.349,27.5153,25.8443,25.5926,25.7778,26.8333,…
,     Grace period (years),7.3011,8.4951,8.5769,8.224,9.4337,9.1952,8.7389,8.2112,9.5278,7.3661,8.501,4.6825,7.3766,8.6063,8.1762,6.9772,9.0608,5.9733,6.3369,6.9106,6.7533,6.1212,6.1597,…
,     Grant element (%),30.3786,43.7733,45.7251,45.203,51.9376,44.7737,39.1072,37.2986,50.3451,30.4223,47.8118,45.4565,36.3853,54.4139,51.0172,48.0598,33.3502,37.4192,36.5261,37.406,39.9805,39.4971,34.6303,…
,,,,,,,,,,,,,,,,,,,,,,,,,
,ENVIRONMENT AND CLIMATE CHANGE,,,,,,,,,,,,,,,,,,,,,,,,
,Air Pollution and Climate,,,,,,,,,,,,,,,,,,,,,,,,
,     Carbon dioxide emissionsah (t '000),20686.7,25634.5,27284.2,28629.8,30527.5,32710.8,35902.8,37992.3,41580.8,44750,50487.6,54309.9,58985.2,62965.7,66313.1,73156.9,81128.9,87658,95944.6,92645,85493.1,…,…,…
,     Nitrous oxide emissions (t '000 CO₂ equivalent),19647.05865,20125.6448,20716.3766,20259.5556,20409.4804,21187.8846,22220.45595,22307.21211,24394.38506,23898.80561,24449.19097,25508.85029,24912.09521,25080.43373,26000.20685,26675.21757,25741.12383,26628.28049,27433.01574,27472.5972,28076.84646,…,…,…
,     Methane emissions (t '000 CO₂ equivalent),70956.84134,71171.035,72573.15,73584.8075,73450.79,75267.825,76506.78864,77349.77978,80079.68592,81259.09957,82725.43571,83394.6973,83964.3664,84714.54549,85364.39209,86144.75118,85922.57038,88027.12708,87879.10377,88389.53797,88903.99717,…,…,…
,     Other greenhouse gasesai (t '000 CO₂ equivalent),-4120.2651367188,-4612.3647460938,-4650.7209472656,-4926.1987304688,-3975.5283203125,-5085.9106445313,-4113.3134765625,-5554.9340820313,-7955.1118164063,-9047.6147460938,-8226.08984375,-4216.9248046875,-1652.130859375,-1632.916015625,-325.283203125,2224.1162109375,1513.7705078125,…,…,…,…,…,…,…
,     Total greenhouse gas emissions (t '000 CO₂ equivalent),111593.3328,117270.5563,120949.7469,122886.8271,124837.0782,129652.4611,135192.7141,138288.6794,146770.9765,150700.7286,158531.7681,164267.9666,169101.1582,174185.1534,179287.1507,187771.298,195047.4195,205028.6288,214432.3367,212143.1483,206570.3527,…,…,…
,"     Carbon dioxide emissions, per unit of manufacturing value-addedaj  
          (kg of CO₂ equivalent per constant 2015 $)",0.309,0.422,0.433,0.465,0.326,0.345,0.351,0.347,0.365,0.384,0.39,0.344,0.334,0.309,0.268,0.298,0.295,0.324,0.271,0.261,0.252,0.254,…,…
,"     Carbon dioxide emissions, per unit of GDP (PPP)aj  
          (kg of CO₂ equivalent per constant 2017 $)",0.064,0.075,0.077,0.078,0.079,0.08,0.082,0.082,0.084,0.087,0.093,0.095,0.097,0.096,0.095,0.098,0.102,0.103,0.099,0.094,0.086,0.092,…,…
,"     Annual mean levels of fine particulate matter (e.g., PM2.5 and PM10) 
          in cities (population weighted), Total (μg/m³)",…,…,…,…,…,…,…,…,…,…,49.42935,49.96579,50.8172,52.86825,50.96257,50.62575,47.77741,46.18553,50.66434,45.98906,…,…,…,…
,"     Annual mean levels of fine particulate matter (e.g., PM2.5 and PM10) 
          in cities (population weighted), Urban (μg/m³)",…,…,…,…,…,…,…,…,…,…,50.30425,50.87302,51.72943,53.82772,51.88513,51.56222,48.65977,47.04015,51.61106,46.84535,…,…,…,…
,"     Temperature change with respect to a baseline climatology, corresponding 
          to the period 1951-1980 (°C)",0.365,0.445,0.541,0.404,0.441,0.783,0.979,0.426,0.213,0.972,0.89,0.298,0.351,0.336,0.611,0.799,1.336,1.142,0.911,1.151,0.934,1.326,1.24,1.639
,"     Number of climate-related disasters, Totalak",11,7,6,7,7,12,7,5,5,6,6,5,5,3,4,7,3,5,4,6,2,2,2,…
,Climate-related Hazards and Natural Disasters,,,,,,,,,,,,,,,,,,,,,,,,
,     Number of persons affected by disaster (persons),…,…,…,…,…,…,…,7674120,…,…,…,…,…,…,…,3927721,4567343,12384370,36782,3765,977,206,…,…
,     Number of deaths due to disaster (persons),…,…,…,…,…,…,…,4460,11,190,96,19,201,185,170,244,327,716,391,338,7840,20876,…,…
,     Direct economic loss attributed to disasters ($ million),…,…,…,…,…,–,–,11295.345375,…,…,…,…,…,…,…,…,…,…,…,…,…,…,…,…
,Policies and Programs,,,,,,,,,,,,,,,,,,,,,,,,
,"     Score of adoption and implementation of national disaster risk reduction 
          strategies in line with the Sendai Framework for Disaster 
          Risk Reduction 2015–2030 (index)",…,…,…,…,…,…,…,…,…,…,…,…,…,…,…,…,0.875,0.9,0.9,0.925,0.95,…,…,…
,"     Proportion of local governments that adopt and implement local disaster 
          risk reduction strategies in line with national disaster 
          risk reduction strategies (%)",…,…,…,…,…,…,…,…,…,…,…,…,…,…,…,6.96,8.95,9.94,11.33,11.73,11.93,…,…,…
,"     Fossil-fuel subsidies (consumption and production) as a proportion of 
          total GDP (%)",…,…,…,…,…,…,…,…,…,…,3.15044,3.57506,4.25133,2.41933,1.53781,0.87622,0.45136,0.57742,1.11691,0.61689,0.44514,2.16827,7.09898,…
,     Renewable energy share in the total final energy consumption (%),60.18,55.93,54.44,52.59,52.01,50.61,48.65,47.16,45.16,43.07,40.28,38.41,37.33,37,35.39,33.09,30.23,28.1,27.04,26.09,27.24,25.04,…,…
,"     Energy intensity measured in terms of primary energy and GDP 
          (MJ/$ 2017 PPP GDP)",2.45,2.58,2.52,2.53,2.45,2.42,2.41,2.36,2.33,2.33,2.32,2.25,2.21,2.22,2.16,2.17,2.2,2.12,1.96,1.95,1.9,1.93,…,…
,,,,,,,,,,,,,,,,,,,,,,,,,
,,,,,,,,,,,,,,,,,,,,,,,,,
"... = data not available; | = marks break in series; – = magnitude equals zero; (-/+) 0 or 0.0 = magnitude is less than half of unit employed; * = provisional, preliminary, estimate, budget figure; $ = United States dollars; CO₂ = carbon dioxide; fob = free on board; GDP = gross domestic product; GNI = gross national income; IMF = International Monetary Fund; kg = kilogram; km² = square kilometer; kWh = kilowatt-hour; m³ = cubic meter; MJ = megajoule; μg/m3 = micrograms per cubic meter; NPISHs = nonprofit institutions serving households; PM = particulate matter; PPP = purchasing power parity; SDRs = special drawing rights; t = metric ton; Tk = taka.",,,,,,,,,,,,,,,,,,,,,,,,,
"Note: A base year represented as, e.g., 2000/2001, corresponds to the fiscal year (e.g., beginning 1 July 2000 and ending 30 June 2001) and related data are presented in the column for the single year during which most of the fiscal year occurred (e.g., 2001).",,,,,,,,,,,,,,,,,,,,,,,,,
,,,,,,,,,,,,,,,,,,,,,,,,,
a,"Data are based on the Bangladesh Bureau of Statistics Sample Vital Registration System. For 2000–2010, population growth rates are based on annual growth. For 2011–2023, population growth rates are based on intercensal growth between the population censuses of 2001 and 2011.",,,,,,,,,,,,,,,,,,,,,,,,
b,"Prior to 2016, estimates of GDP at current prices used the 2005/2006 base year. For 2016–2023, estimates of GDP at current prices were rebased using the 2015/2016 base year, reflecting more comprehensive coverage of economic activities and methodological changes.",,,,,,,,,,,,,,,,,,,,,,,,
c,"For 2000–2010, data include electricity, gas, steam, and air-conditioning supply; water supply; and sewerage, waste management, and remediation activities.",,,,,,,,,,,,,,,,,,,,,,,,
d,"For 2000–2010, data include wholesale and retail trade; repair of motor vehicles and motorcycles; and accommodation and food service activities.",,,,,,,,,,,,,,,,,,,,,,,,
e,"For 2000–2010, data include transportation and storage; and information and communication.",,,,,,,,,,,,,,,,,,,,,,,,
f,"For 2000–2010, accommodation and food service activities are included in wholesale and retail trade; repair of motor vehicles and motorcycles.",,,,,,,,,,,,,,,,,,,,,,,,
g,"For 2000–2010, data for information and communication are included in transportation and storage.",,,,,,,,,,,,,,,,,,,,,,,,
h,"For 2000–2010, real estate activities are included in other service activities.",,,,,,,,,,,,,,,,,,,,,,,,
i,"For 2011–2015, data include real estate activities; professional, scientific, and technical activities; and administrative and support service activities.",,,,,,,,,,,,,,,,,,,,,,,,
j,"For 2000–2010, administrative and support service activities are included in other service activities.",,,,,,,,,,,,,,,,,,,,,,,,
k,"For 2000–2010, data include real estate, renting and business activities; education, health, and social work; and community, social, and personal services. For 2011 onward, data include community, social, and personal services.",,,,,,,,,,,,,,,,,,,,,,,,
l,Refers to gross fixed capital formation.,,,,,,,,,,,,,,,,,,,,,,,,
m,Gross fixed capital formation includes data on changes in inventories.,,,,,,,,,,,,,,,,,,,,,,,,
n,Changes in inventories are included in the gross fixed capital formation data.,,,,,,,,,,,,,,,,,,,,,,,,
o,Data includes changes in inventories.,,,,,,,,,,,,,,,,,,,,,,,,
p,"For 2000–2006, data refer to previous growth rates calculated using the base year 1995/1996; for 2007–2016, using the base year 2005/2006; and for 2017–2023, using the base year 2015/2016.",,,,,,,,,,,,,,,,,,,,,,,,
q,"For 2000–2002, net current transfers are the sum of net transfers from abroad and net borrowings from abroad.",,,,,,,,,,,,,,,,,,,,,,,,
r,"In estimating the GDP and GNI per capita, the population as of January is used.",,,,,,,,,,,,,,,,,,,,,,,,
s,"For 2014, data are from 1 January to 28 February.",,,,,,,,,,,,,,,,,,,,,,,,
t,"For 2014, data are from July 2013 to April 2014.",,,,,,,,,,,,,,,,,,,,,,,,
u,"Refers to food, beverages, and tobacco.",,,,,,,,,,,,,,,,,,,,,,,,
v,"Refers to gross rent, fuel, and lighting.",,,,,,,,,,,,,,,,,,,,,,,,
w,"Refers to furniture, furnishing, household equipment, and operation.",,,,,,,,,,,,,,,,,,,,,,,,
x,Refers to medical care and health expenses.,,,,,,,,,,,,,,,,,,,,,,,,
y,Refers to transport and communication.,,,,,,,,,,,,,,,,,,,,,,,,
z,"Refers to recreation, entertainment, education, and cultural services.",,,,,,,,,,,,,,,,,,,,,,,,
aa,For agricultural and industrial products.,,,,,,,,,,,,,,,,,,,,,,,,
ab,"Refers to broad money liabilities from the Depository Corporations Survey, which included the central bank, deposit money banks, nonbank depository corporations, and post offices.",,,,,,,,,,,,,,,,,,,,,,,,
ac,Broad money aggregate M2 includes monetary authority accounts and deposit money bank accounts only.,,,,,,,,,,,,,,,,,,,,,,,,
ad,Refers to savings bank accounts with checking facilities.,,,,,,,,,,,,,,,,,,,,,,,,
ae,Derived as revenue less expense.,,,,,,,,,,,,,,,,,,,,,,,,
af,"Derived as revenue less expense, plus the consumption of fixed capital.",,,,,,,,,,,,,,,,,,,,,,,,
ag,"For 2009 onward, ""Others"" includes expenditure from other ministries.",,,,,,,,,,,,,,,,,,,,,,,,
ah,"Data from the World Bank are expressed in kiloton (kt), while data provided in the table are expressed in thousand metric tons (t), using a conversion factor of 1 kt = 1000 metric tons.",,,,,,,,,,,,,,,,,,,,,,,,
ai,"Other greenhouse gas emissions refer to hydrofluorocarbons, perfluorocarbons, and sulphur hexafluoride.",,,,,,,,,,,,,,,,,,,,,,,,
aj,Refers to carbon dioxide emissions from fuel combustion.,,,,,,,,,,,,,,,,,,,,,,,,
ak,"Disasters may include drought, flood, landslide, storm, or wildfire.",,,,,,,,,,,,,,,,,,,,,,,,
,,,,,,,,,,,,,,,,,,,,,,,,,
,,,,,,,,,,,,,,,,,,,,,,,,,
,Sources:,,,,,,,,,,,,,,,,,,,,,,,,
,,,,,,,,,,,,,,,,,,,,,,,,,
,Population,"Bangladesh Bureau of Statistics (BBS). Official communication, 21 March 2024; past communication; and http://www.bbs.gov.bd.",,,,,,,,,,,,,,,,,,,,,,,
,,,,,,,,,,,,,,,,,,,,,,,,,
,     Urban population (% of total population),"For 2000–2013: BBS. Official communication, 11 June 2014; past communication.",,,,,,,,,,,,,,,,,,,,,,,
,     ,For 2014–2023: United Nations. World Urbanization Prospects 2018. https://population.un.org/wup/Download/ (accessed 25 May 2024).,,,,,,,,,,,,,,,,,,,,,,,
,,,,,,,,,,,,,,,,,,,,,,,,,
,Labor Force,"BBS. Official communication, 21 March 2024; past communication; and http://www.bbs.gov.bd.",,,,,,,,,,,,,,,,,,,,,,,
,,,,,,,,,,,,,,,,,,,,,,,,,
,National Accounts,"BBS. Official communication, 21 March 2024; past communication; and http://www.bbs.gov.bd.",,,,,,,,,,,,,,,,,,,,,,,
,,,,,,,,,,,,,,,,,,,,,,,,,
,Production Indexes,,,,,,,,,,,,,,,,,,,,,,,,
,,,,,,,,,,,,,,,,,,,,,,,,,
,     Agriculture,Food and Agriculture Organization of the United Nations. FAOSTAT Database. https://www.fao.org/faostat/en/#data/QI (accessed 30 June 2024).,,,,,,,,,,,,,,,,,,,,,,,
,,,,,,,,,,,,,,,,,,,,,,,,,
,     Mining,"BBS. Official communication, 21 March 2024; past communication; and http://www.bbs.gov.bd.",,,,,,,,,,,,,,,,,,,,,,,
,     Manufacturing,,,,,,,,,,,,,,,,,,,,,,,,
,,,,,,,,,,,,,,,,,,,,,,,,,
,Energy,"BBS. Official communication, 21 March 2024; past communication; and http://www.bbs.gov.bd.",,,,,,,,,,,,,,,,,,,,,,,
,,,,,,,,,,,,,,,,,,,,,,,,,
,     Crude petroleum,"For 2000–2004: Government of Bangladesh, Ministry of Finance. Bangladesh Economic Review 2006–2007; past issues.",,,,,,,,,,,,,,,,,,,,,,,
,     ,"For 2005–2023: BBS. Official communication, 21 March 2024; past communication; and http://www.bbs.gov.bd.",,,,,,,,,,,,,,,,,,,,,,,
,,,,,,,,,,,,,,,,,,,,,,,,,
,Price Indexes,"BBS. Official communication, 21 March 2024; past communication; and http://www.bbs.gov.bd.",,,,,,,,,,,,,,,,,,,,,,,
,,,,,,,,,,,,,,,,,,,,,,,,,
,Money and Interest Rates,"Bangladesh Bank. Official communication, 19 March 2024; past communication.",,,,,,,,,,,,,,,,,,,,,,,
,,,,,,,,,,,,,,,,,,,,,,,,,
,Government Finance,"Government of Bangladesh, Ministry of Finance. Official communication, 8 May 2022.",,,,,,,,,,,,,,,,,,,,,,,
,,,,,,,,,,,,,,,,,,,,,,,,,
,External Trade,"Bangladesh Bank. Official communication, 19 March 2024; past communication.",,,,,,,,,,,,,,,,,,,,,,,
,,,,,,,,,,,,,,,,,,,,,,,,,
,     Direction of Trade,International Monetary Fund (IMF). Direction of Trade Statistics. https://data.imf.org/ (accessed 30 June 2024).,,,,,,,,,,,,,,,,,,,,,,,
,,,,,,,,,,,,,,,,,,,,,,,,,
,Balance of Payments,"Bangladesh Bank. Official communication, 19 March 2024; past communication.",,,,,,,,,,,,,,,,,,,,,,,
,,,,,,,,,,,,,,,,,,,,,,,,,
,International Reserves,IMF. International Financial Statistics. https://data.imf.org/ (accessed 30 June 2024).,,,,,,,,,,,,,,,,,,,,,,,
,,,,,,,,,,,,,,,,,,,,,,,,,
,Exchange Rates,IMF. International Financial Statistics. https://data.imf.org/ (accessed 30 June 2024).,,,,,,,,,,,,,,,,,,,,,,,
,,,,,,,,,,,,,,,,,,,,,,,,,
,External Indebtedness,World Bank. International Debt Statistics. https://databank.worldbank.org/source/international-debt-statistics# (accessed 30 June 2024).,,,,,,,,,,,,,,,,,,,,,,,
,,,,,,,,,,,,,,,,,,,,,,,,,
,     Total long-term debt (% of total debt),Asian Development Bank estimates using data from the World Bank's International Debt Statistics. https://databank.worldbank.org/source/international-debt-statistics# (accessed 30 June 2024).,,,,,,,,,,,,,,,,,,,,,,,
,,,,,,,,,,,,,,,,,,,,,,,,,
,Environment and Climate Change,World Bank. World Development Indicators. https://databank.worldbank.org/source/world-development-indicators (accessed 30 June 2024).,,,,,,,,,,,,,,,,,,,,,,,
,,United Nations. SDG Global Database. https://unstats.un.org/sdgs/dataportal (accessed 30 June 2024).,,,,,,,,,,,,,,,,,,,,,,,
,,IMF. 2022. Climate Change Dashboard. https://climatedata.imf.org/pages/climatechange-data (accessed 30 June 2024).,,,,,,,,,,,,,,,,,,,,,,,
,,United Nations Office for Disaster Risk Reduction. Sendai Framework Monitor. https://sendaimonitor.undrr.org/ (accessed 30 June 2024).,,,,,,,,,,,,,,,,,,,,,,,
