Gross Domestic Product (Taka in Millions),Unnamed: 1,Unnamed: 2,Unnamed: 3,Unnamed: 4,Unnamed: 5,Unnamed: 6,Unnamed: 7,Unnamed: 8,Unnamed: 9,Unnamed: 10
Base Year: 2015-16,,,,,,,,,,
,,,,,,,,,,
Descriptor,2016.0,2017.0,2018.0,2019.0,2020.0,2021.0,2022.0,2023.0,2024.0,2025.0
Gross Domestic Product by Economic Sector at Current Prices,,,,,,,,,,
Agriculture,2795050.0,3011670.0,3293802.0,3534431.0,3804464.0,4106614.0,4455313.0,4941583.0,5585363.517161208,6300378.200294846
Agriculture Forestry and Fishing,2795050.0,3011670.0,3293802.0,3534431.0,3804464.0,4106614.0,4455313.0,4941583.0,5585363.517161208,6300378.200294846
Crops and Horticulture ,1382799.0,1486692.0,1623332.0,1733782.0,1861159.0,1996305.0,2153653.0,2395145.0,2748015.168189711,3134761.3553674207
Animal Farmings ,466548.0,495159.0,531856.0,562897.0,597153.0,632931.0,673986.0,736652.0,818977.2709800671,892482.0990626086
Forest and Related Services ,371884.0,398637.0,435632.0,466390.0,503992.0,559163.0,637476.0,713338.0,795878.5851686947,884110.346245352
Fishing ,573819.0,631181.0,702982.0,771362.0,842160.0,918215.0,990198.0,1096447.0,1222492.4928227358,1389024.3996194648
Industry,6449401.0,7263062.0,8441058.0,9696197.0,10434511.0,11761197.0,13472094.0,15535740.0,17057635.540104035,18766285.285571944
Mining and Quarrying,330526.0,399842.0,442760.0,526098.0,552239.0,591021.0,589162.0,702436.0,738017.307556053,768816.6009960312
Natural Gas and Crude Petroleum,114780.0,118071.0,119693.0,120543.0,116211.0,117429.0,114937.0,120517.0,123278.87414977221,118826.24981602104
Other Mining and Coal ,215747.0,281771.0,323066.0,405555.0,436028.0,473592.0,474225.0,581918.0,614738.4334062808,649990.3511800101
Manufacturing ,4223870.0,4666061.0,5490242.0,6259374.0,6530638.0,7496585.0,8644369.0,10033447.0,10952289.914122738,12376490.398140917
Large Industry ,2211523.0,2378261.0,2756760.0,3118577.0,3180334.0,3573569.0,4228957.0,4866428.0,5203339.878451058,5916460.680909369
"Small, Medium, and Micro Industry",1291077.0,1467245.0,1738580.0,1980659.0,2086958.0,2489993.0,2735868.0,3193230.0,3526211.361730064,3936945.324678418
Cottage Industry,721270.0,820555.0,994902.0,1160137.0,1263346.0,1433023.0,1679544.0,1973790.0,2222738.6739416164,2523084.3925531306
"Electricity, Gas, Steam and Air Conditioning Supply ",245546.0,292335.0,326252.0,381438.0,445225.0,449016.0,504135.0,552954.0,596458.1017679841,663987.8948301822
Electricity,183103.0,220141.0,246036.0,302389.0,369260.0,370961.0,420624.0,465789.0,505400.26235277415,572302.0386788393
Gas ,62442.0,72194.0,80216.0,79049.0,75965.0,78055.0,83511.0,87165.0,91057.83941520994,91685.85615134287
"Water supply, sewerage, waste management",21032.0,22634.0,24876.0,26736.0,27607.0,29676.0,38094.0,43796.0,47080.77200610939,49472.019348953654
Construction ,1628426.0,1882191.0,2156929.0,2502550.0,2878801.0,3194899.0,3696334.0,4203106.0,4723789.444651152,4907518.372255862
Services,10629825.0,11943198.0,13431175.0,15007804.0,16331503.0,18110380.0,20270879.0,22953551.0,47080.77200610939,28752488.08425311
Wholesale and Retail Trade; repair of motor vehicles,2885100.0,3246320.0,3737155.0,4183954.0,4457574.0,4976516.0,5670969.0,6473665.0,4723789.444651152,8200077.349248473
Transportation and Storage ,1580296.0,1787217.0,1978063.0,2197115.0,2322517.0,2562154.0,2852715.0,3240817.0,3595534.5462495075,3982529.9114683447
Land Transport,1369416.0,1553130.0,1726349.0,1927057.0,2038982.0,2268813.0,2534294.0,2900616.0,3216431.0911775227,3571285.703459081
Water transport,129414.0,143280.0,150878.0,158645.0,165707.0,174748.0,184187.0,190815.0,208291.05410117647,221128.52025356618
Air Transport,16667.0,18994.0,20954.0,22496.0,23037.0,22791.0,24219.0,27580.0,30368.37514215926,34593.818502664275
Warehousing and Support activities,55386.0,61650.0,68766.0,76673.0,81564.0,81412.0,94451.0,104138.0,121095.69581657737,134002.69294668184
Postal and courrier activities,9412.0,10164.0,11117.0,12244.0,13227.0,14390.0,15566.0,17668.0,19348.330012071605,21519.17630635197
Accomodation and Food Services Activities,238860.0,266702.0,301060.0,335495.0,360151.0,398567.0,444515.0,511559.0,597182.8039388548,689471.5365290665
Information and Communication,248337.0,272644.0,294609.0,322040.0,351075.0,384480.0,414222.0,473256.0,501878.1725410966,542049.7543457435
Financial and Insurance Activities ,650716.0,722466.0,817235.0,932966.0,1032169.0,1152706.0,1295390.0,1447845.0,1607686.8723091069,1795606.4419392028
Monetary Intermediation (Banks),549956.0,610182.0,693262.0,794168.0,880439.0,984571.0,1108780.0,1239330.0,1374574.2819481974,1535370.395641279
Insurance,63428.0,68255.0,74391.0,82016.0,88514.0,96426.0,105562.0,116301.0,128992.62678861052,143000.863396286
Other Financial Auxillaries,37332.0,44028.0,49582.0,56781.0,63216.0,71709.0,81048.0,92214.0,104119.96357229899,117235.18290163776
Real Estate Activities ,1925094.0,2141511.0,2359902.0,2607154.0,2880011.0,3130287.0,3401816.0,3734140.0,4089790.8761111517,4450400.619627913
"Professional, Scientific and Technical Activities",39060.0,42817.0,47140.0,51788.0,56562.0,62732.0,69420.0,84227.0,99074.15049920179,119520.53746181168
Administrative and Support Service Activities,142438.0,157215.0,172688.0,200172.0,230048.0,271376.0,311362.0,375040.0,446339.84997291793,545967.8755357146
Public Administration and Defense; compulsory,667295.0,784630.0,902487.0,990056.0,1069648.0,1169964.0,1273660.0,1472806.0,1614628.2182456297,1728522.3530893843
Education ,544789.0,608580.0,681642.0,769606.0,856425.0,956422.0,1095138.0,1259740.0,1472574.0784777345,1696564.9586909553
Human Health and Social Work Activities,546003.0,635152.0,733648.0,868110.0,1015218.0,1185003.0,1382069.0,1615334.0,1861907.1594937586,2170223.1786949234
"Arts, entertainment and recreation ",30071.0,33650.0,37716.0,42440.0,47610.0,53407.0,60737.0,69124.0,79639.00158990214,91931.1360824046
Other Service Activities,1131766.0,1244293.0,1367830.0,1506909.0,1652496.0,1806765.0,1998864.0,2195998.0,2452204.179255795,2739622.43153917
Total GVA at current basic price,19874276.0,22217930.0,25166034.0,28238432.0,30570477.0,33978191.0,38198286.0,43430874.0,48364971.24748812,53819151.5701199
Tax less subsidy,883937.0,1025143.0,1226445.0,1275855.0,1134217.0,1323656.0,1518878.0,1477544.0,1661565.346,1331110.2999999998
GDP at current market prices,20758212.0,23243073.0,26392479.0,29514288.0,31704694.0,35301848.0,39717164.0,44908417.0,50026536.59348812,55150261.8701199
Gross Domestic Product at Constant Prices,,,,,,,,,,
Agriculture,2795050.0,2884380.0,2986618.0,3083999.0,3189501.0,3290754.0,3391252.0,3505586.0,3621407.2396309525,3709016.9572221907
"Agriculture, Forestry, and Fishing",2795050.0,2884380.0,2986618.0,3083999.0,3189501.0,3290754.0,3391252.0,3505586.0,3621407.2396309525,3709016.9572221907
Crops and Horticulture ,1382799.0,1413445.0,1452281.0,1482299.0,1519388.0,1554174.0,1594695.0,1644974.0,1710812.1940862634,1742209.7338454046
Animal Farmings ,466548.0,479482.0,493403.0,508246.0,524455.0,539891.0,556606.0,574255.0,591902.7352510508,610114.1909860004
Forest and Related Services ,371884.0,390487.0,410329.0,431359.0,454402.0,477043.0,501287.0,526999.0,553310.6722602333,580498.2739959243
Fishing ,573819.0,600966.0,630605.0,662095.0,691256.0,719645.0,738664.0,759358.0,765381.6380334051,776194.7583948618
Industry,6449401.0,6982905.0,7694869.0,8590037.0,8900231.0,9815808.0,10783221.0,11685491.0,12095205.495197047,12544040.30288389
Mining and Quarrying,330526.0,387669.0,424694.0,472709.0,487657.0,519315.0,513522.0,578883.0,572242.7814730365,581704.6845484588
Natural Gas and Crude Petroleum,114780.0,114391.0,114438.0,113784.0,108701.0,109050.0,103961.0,99616.0,93655.59686888127,87365.57419317652
Other Mining and Coal ,215747.0,273278.0,310256.0,358925.0,378956.0,410266.0,409561.0,479268.0,478587.18460415525,494339.1103552822
Manufacturing ,4223870.0,4523191.0,4995976.0,5612204.0,5706535.0,6367645.0,7094246.0,7725222.0,7969073.110659648,8433395.46300672
Large Industry ,2211523.0,2313882.0,2570157.0,2898847.0,2910717.0,3219668.0,3724520.0,4036747.0,4078101.0981103997,4320469.7763176
"Small, Medium, and Micro Industry",1291077.0,1421018.0,1578819.0,1746320.0,1793253.0,2042406.0,2141258.0,2337084.0,2446034.122932201,2590854.0281433417
Cottage Industry,721270.0,788292.0,847000.0,967038.0,1002566.0,1105571.0,1228469.0,1351391.0,1444937.8896170475,1522071.6585457784
"Electricity, Gas, steam and Air Conditioning Supply ",245546.0,262905.0,284658.0,308124.0,310201.0,339803.0,360702.0,369589.0,373195.5747235431,392823.7019080767
Electricity,183103.0,199177.0,219273.0,241683.0,246204.0,274875.0,296172.0,306244.0,310976.3251659834,332124.34388512943
Gas ,62442.0,63728.0,65384.0,66440.0,63997.0,64928.0,64531.0,63345.0,62219.249557559684,60699.35802294729
"Water supply, sewerage, waste management",21032.0,21796.0,22441.0,23857.0,24376.0,25996.0,28475.0,31003.0,32226.84190225933,33300.83314736485
Construction ,1628426.0,1787343.0,1967101.0,2173144.0,2371462.0,2563048.0,2786276.0,2980794.0,3148467.186438559,3102815.620273269
Services,10629825.0,11307474.0,12048523.0,12877439.0,13383891.0,14151080.0,15036464.0,15844110.0,16650464.00496914,17374307.725727584
Wholesale and Retail Trade; repair of motor vehicles ,2885100.0,3122247.0,3395047.0,3695607.0,3814389.0,4105896.0,4453170.0,4737156.0,5010358.344397226,5249320.681291788
Transportation and Storage ,1580296.0,1677100.0,1790096.0,1915556.0,1948698.0,2027395.0,2143986.0,2261637.0,2377937.611329239,2481003.4212372536
Land Transport,1369416.0,1458904.0,1562145.0,1678127.0,1707365.0,1787300.0,1896054.0,2011805.0,2118282.6085959706,2217013.101348664
Water transport,129414.0,130805.0,132834.0,134761.0,135771.0,138220.0,139913.0,136896.0,137700.97423544675,137310.17983675515
Air Transport,16667.0,18769.0,20605.0,22064.0,22350.0,21903.0,22745.0,24612.0,26126.455134526273,27870.089265404113
Warehousing and Support activities,55386.0,58906.0,64267.0,69899.0,72287.0,68681.0,73786.0,76401.0,83603.25257415455,86372.04806384846
Postal and courrier activities,9412.0,9716.0,10245.0,10704.0,10925.0,11290.0,11489.0,11923.0,12224.320789140644,12438.002722581425
Accomodation and Food Service Activites ,238860.0,251730.0,265636.0,280610.0,285346.0,298278.0,314283.0,332650.0,351277.9211929183,366666.9960012917
Information and Communication,248337.0,269075.0,287286.0,308422.0,328686.0,352057.0,368911.0,392345.0,408257.8910043013,419227.79770704504
Financial and Insurance Activities ,650716.0,685235.0,732783.0,793237.0,830679.0,879010.0,930614.0,954325.0,965847.5332958626,981695.7499309576
Monetary Intermediation (Banks),549956.0,578737.0,621621.0,675227.0,708568.0,750797.0,796552.0,816886.0,825800.8273140687,839319.1847911158
Insurance,63428.0,64738.0,66704.0,69733.0,71236.0,73530.0,75837.0,76658.0,77494.69283313466,78182.55128276044
OtherFinancial Auxillaries,37332.0,41759.0,44458.0,48277.0,50875.0,54682.0,58226.0,60782.0,62552.013148659295,64194.01385708135
Real Estate Activities ,1925094.0,1989206.0,2058413.0,2132677.0,2211091.0,2286675.0,2371343.0,2458696.0,2544765.274415475,2625616.064636459
"Professional, Scientific and Technical Activities",39060.0,40610.0,42269.0,44032.0,45521.0,47836.0,49871.0,54261.0,58406.91599111174,61970.877234284526
Administrative and Support Service Activities,142438.0,151553.0,163289.0,176631.0,187808.0,199110.0,211083.0,226936.0,247042.31876179855,270920.23033943283
Public Administration and Defense; compulsory ,667295.0,742202.0,806560.0,858900.0,906023.0,960814.0,1008023.0,1078904.0,1139141.0839260798,1204101.8250788401
Education ,544789.0,577218.0,611202.0,654343.0,689242.0,729318.0,786746.0,830214.0,884649.2391099021,926702.4637577657
Human Health and Social Work Activities,546003.0,602421.0,657834.0,738094.0,817037.0,903639.0,992886.0,1064574.0,1163254.5227139022,1239913.186793408
"Arts, entertainment and recreation ",30071.0,31568.0,33223.0,35044.0,36948.0,39077.0,41449.0,44075.0,46904.38518483786,49977.58591323089
Other Service Activities,1131766.0,1167310.0,1204885.0,1244287.0,1282423.0,1321975.0,1364098.0,1408335.0,1452620.9636464876,1497190.845805826
Total GVA at constant basic price,19874276.0,21174759.0,22730011.0,24551474.0,25473623.0,27257642.0,29210937.0,31035187.0,32367076.73979715,33627364.98583366
Tax less subsidy,883937.0,951470.0,1015729.0,1065882.0,1027026.0,1081802.0,1140559.0,1069142.0,1093101.1158255863,1000542.3774360742
GDP at constant market prices,20758212.0,22126229.0,23745740.0,25617356.0,26500649.0,28339444.0,30351496.0,32104329.0,33460177.855622735,34627907.36326973
Gross Domestic Product by Expenditure at Current Prices,,,,,,,,,,
Domestic demand (1)+(2),21374626.0,24145164.0,27810126.0,31087205.0,33045910.0,37305907.0,42427019.0,47239921.0,53399981.76919436,58769731.13993096
Consumption (1),15097392.0,16952160.0,19411358.0,21579552.0,23119823.0,26355718.0,29698750.0,33340227.0,38041589.7679244,43029239.49316265
Private,13879862.0,15552385.0,17838586.0,19738395.0,21226670.0,24278999.0,27435269.0,30796089.0,35085984.72062994,39829609.854859106
General Govternment,1217531.0,1399775.0,1572772.0,1841157.0,1893153.0,2076719.0,2263481.0,2544138.0,2955605.0472944584,3199629.6383035406
Investment (2),6277233.0,7193004.0,8398768.0,9507653.0,9926087.0,10950188.0,12728269.0,13899694.0,15358392.001269959,15740491.646768317
Private,4920555.0,5499423.0,6583344.0,7452276.0,7614069.0,8366820.0,9736710.0,10860801.0,11984605.46598507,12148725.232586179
Public,1356679.0,1693581.0,1815423.0,2055377.0,2312017.0,2583368.0,2991559.0,3038893.0,3373786.535284888,3591766.414182138
Resource balance (3)-(4),-724823.0,-1013453.0,-1891036.0,-1590389.0,-1707574.0,-2258770.0,-3183535.0,-2096614.0,-2929404.0,-3153694.386981816
Exports (3),2889793.0,2979703.0,3345191.0,3864824.0,3310854.0,3764158.0,5116455.0,5908674.0,5233370.0,6130562.951545904
Imports (4),3614616.0,3993156.0,5236227.0,5455213.0,5018428.0,6022928.0,8299990.0,8005288.0,8162774.0,9284257.33852772
Gross Domestic Exp. at m.p.,20649803.0,23131711.0,25919090.0,29496816.0,31338336.0,35047137.0,39243484.0,45143307.0,50470577.76919436,55616036.75294915
Gross Domestic Product at m.p.(5),20758212.0,23243073.0,26392479.0,29514288.0,31704694.0,35301848.0,39717164.0,44908417.0,50026536.59348812,55150261.8701199
Statistical Discrepancy (6),108409.0,111362.0,473389.0,17472.0,366358.0,254711.0,473680.0,-234890.0,-444041.17570623755,-465774.8828292489
Net factor income from abroad (7),972538.0,802498.0,1055433.0,1208947.0,1312318.0,1858118.0,1573460.0,1792385.0,2154273.0,3028091.545861701
Gross National Income at m.p. (8)=(5)+(7),21730750.0,24045571.0,27447912.0,30723235.0,33017012.0,37159966.0,41290624.0,46700802.0,52180809.59348812,58178353.4159816
Net current transfers from abroad (9),32489.0,44164.0,42125.0,46551.0,63694.0,66536.0,65048.0,87431.0,76320.0,110490.23162808036
Gross Disposible National Income (10)=(8)+(9),21763239.0,24089735.0,27490037.0,30769786.0,33080706.0,37226502.0,41355672.0,46788233.0,52257129.59348812,58288843.64760968
Gross Domestic saving (11)=(5)-(1),5660820.0,6290913.0,6981121.0,7934736.0,8584871.0,8946130.0,10018414.0,11568190.0,11984946.825563721,12121022.376957253
Gross National saving (12)=(10)-(1),6665847.0,7137575.0,8078679.0,9190234.0,9960883.0,10870784.0,11656922.0,13448006.0,14215539.825563721,15259604.154447034
Current Account Balance (13)=(12)-(2)-(6),280204.0,-166791.0,-793478.0,-334891.0,-331562.0,-334116.0,-1545027.0,-216798.0,-698811.0,-15112.60949203372
Memo items: (% of GDP),,,,,,,,,,
Comsumption,72.73,72.93,73.55,73.12,72.92,74.66,74.78,74.24,76.04282118717812,78.02182262433762
Private,66.86,66.91,67.59,66.88,66.95,68.78,69.08,68.58,70.13474669601058,72.22016451827324
General Govt.,5.87,6.02,5.96,6.24,5.97,5.88,5.7,5.67,5.908074491167524,5.801658106064374
Investment,30.24,30.95,31.82,32.21,31.31,31.02,32.05,30.95,30.70049027393421,28.54110046446838
Private,23.7,23.66,24.94,25.25,24.02,23.7,24.52,24.18,23.95649645581319,22.028408969655842
Public,6.54,7.29,6.88,6.96,7.29,7.32,7.53,6.77,6.7439938181210195,6.512691494812533
Exports of goods & services,13.92,12.82,12.67,13.09,10.44,10.66,12.88,13.16,10.461187914178373,11.116108507305944
Imports of goods & services,17.41,17.18,19.84,18.48,15.83,17.06,20.9,17.83,16.31688810746602,16.834475528679
Gross Domestic saving,27.27,27.07,26.45,26.88,27.08,25.34,25.22,25.76,23.95717881282188,21.97817737566239
Gross National saving,32.11,30.71,30.61,31.14,31.42,30.79,29.35,29.95,28.41599837517862,27.669141790085682
Gross Domestic Product by Expenditure at Constant Prices,,,,,,,,,,
Domestic demand (1)+(2),21374626.0,22857217.0,25139830.0,26632316.0,27491513.0,29683386.0,32264271.0,33045979.0,34815059.99556265,36036822.348158225
Consumption (1),15097392.0,16055234.0,17512568.0,18480278.0,19017805.0,20524089.0,22037607.0,22593208.0,24020871.961928952,25507451.789992303
Private,13879862.0,14750010.0,16138461.0,16922051.0,17429171.0,18826200.0,20233744.0,20635377.0,21871695.183872793,23309001.476466764
General Govt.,1217531.0,1305224.0,1374107.0,1558227.0,1588635.0,1697889.0,1803863.0,1957831.0,2149176.7780561605,2198450.3135255408
Investment (2),6277233.0,6801983.0,7627262.0,8152038.0,8473708.0,9159297.0,10226664.0,10452771.0,10794188.033633698,10529370.558165926
Private,4920555.0,5202408.0,5958710.0,6472343.0,6488315.0,6993615.0,7820390.0,8046987.0,8394114.3741977,8093503.913056588
Public,1356679.0,1599576.0,1668552.0,1679696.0,1985393.0,2165682.0,2406274.0,2405784.0,2400073.659435998,2435866.6451093387
Resource balance (3)-(4),-724823.0,-964756.0,-1701396.0,-1380401.0,-1427291.0,-1813284.0,-2432829.0,-1498837.0,-1959327.69935848,-1980150.8348528286
Exports (3),2889793.0,2836526.0,3009722.0,3354530.0,2767407.0,3021772.0,3909948.0,4224019.0,3500332.0818813955,3849275.756310448
Imports (4),3614616.0,3801282.0,4711118.0,4734932.0,4194697.0,4835057.0,6342777.0,5722856.0,5459659.781239876,5829426.591163277
Gross Domestic Exp. at m.p.,20649803.0,21892461.0,23438435.0,25251915.0,26064222.0,27870101.0,29831443.0,31547142.0,32855732.296204172,34056671.513305396
Gross Domestic Product at constant price (5),20758212.0,22126229.0,23745740.0,25617356.0,26500649.0,28339444.0,30351496.0,32104329.0,33460177.85549275,34627907.36326973
Statistical Discrepancy (6),108409.0,233768.0,307305.0,365441.0,436427.0,469343.0,520053.0,557187.0,604445.5592885762,571235.8499643356
Net factor income from abroad (7),972538.0,763937.0,949590.0,1049323.0,1096913.0,1491651.0,1202424.0,1281348.0,1440882.4323582854,1901286.9564343786
Gross National Income at m.p. (8)=(5)+(7),21730750.0,22890166.0,24695330.0,26666679.0,27597562.0,29831095.0,31553920.0,33385677.0,34901060.287851036,36529194.31970411
Net current transfers from abroad (9),32489.0,42042.0,37901.0,40405.0,53239.0,53413.0,49709.0,62503.0,51046.52346178239,69374.92906876499
Gross Disposible National Income (10)=(8)+(9),21763239.0,22932208.0,24733231.0,26707084.0,27650801.0,29884508.0,31603629.0,33448180.0,34952106.81131282,36598569.248772874
