Country Name,Country ISO3,Year,Indicator Name,Indicator Code,Value
Bangladesh,BGD,2024,"Charges for the use of intellectual property, payments (BoP, current US$)",BM.GSR.ROYL.CD,92275029.7490987
Bangladesh,BGD,2023,"Charges for the use of intellectual property, payments (BoP, current US$)",BM.GSR.ROYL.CD,46633363.8843618
Bangladesh,BGD,2022,"Charges for the use of intellectual property, payments (BoP, current US$)",BM.GSR.ROYL.CD,54087755.3376286
Bangladesh,BGD,2021,"Charges for the use of intellectual property, payments (BoP, current US$)",BM.GSR.ROYL.CD,63112111.5559989
Bangladesh,BGD,2020,"Charges for the use of intellectual property, payments (BoP, current US$)",BM.GSR.ROYL.CD,64723020.5905891
Bangladesh,BGD,2019,"Charges for the use of intellectual property, payments (BoP, current US$)",BM.GSR.ROYL.CD,47747802.8420872
Bangladesh,BGD,2018,"Charges for the use of intellectual property, payments (BoP, current US$)",BM.GSR.ROYL.CD,41791531.8278829
Bangladesh,BGD,2017,"Charges for the use of intellectual property, payments (BoP, current US$)",BM.GSR.ROYL.CD,25938279.0254999
Bangladesh,BGD,2016,"Charges for the use of intellectual property, payments (BoP, current US$)",BM.GSR.ROYL.CD,46541986.2416681
Bangladesh,BGD,2015,"Charges for the use of intellectual property, payments (BoP, current US$)",BM.GSR.ROYL.CD,24374495.8521672
Bangladesh,BGD,2014,"Charges for the use of intellectual property, payments (BoP, current US$)",BM.GSR.ROYL.CD,30127601.6388921
Bangladesh,BGD,2013,"Charges for the use of intellectual property, payments (BoP, current US$)",BM.GSR.ROYL.CD,20488449.1467161
Bangladesh,BGD,2012,"Charges for the use of intellectual property, payments (BoP, current US$)",BM.GSR.ROYL.CD,10816541.9353596
Bangladesh,BGD,2011,"Charges for the use of intellectual property, payments (BoP, current US$)",BM.GSR.ROYL.CD,10470569.0137288
Bangladesh,BGD,2010,"Charges for the use of intellectual property, payments (BoP, current US$)",BM.GSR.ROYL.CD,17636698.5440259
Bangladesh,BGD,2009,"Charges for the use of intellectual property, payments (BoP, current US$)",BM.GSR.ROYL.CD,8385816.87380035
Bangladesh,BGD,2008,"Charges for the use of intellectual property, payments (BoP, current US$)",BM.GSR.ROYL.CD,21923483.7450397
Bangladesh,BGD,2007,"Charges for the use of intellectual property, payments (BoP, current US$)",BM.GSR.ROYL.CD,7675990.79804312
Bangladesh,BGD,2006,"Charges for the use of intellectual property, payments (BoP, current US$)",BM.GSR.ROYL.CD,5241859.55007921
Bangladesh,BGD,2005,"Charges for the use of intellectual property, payments (BoP, current US$)",BM.GSR.ROYL.CD,2744867.84515153
Bangladesh,BGD,2004,"Charges for the use of intellectual property, payments (BoP, current US$)",BM.GSR.ROYL.CD,5091128.13433083
Bangladesh,BGD,2003,"Charges for the use of intellectual property, payments (BoP, current US$)",BM.GSR.ROYL.CD,3714009.00173634
Bangladesh,BGD,2002,"Charges for the use of intellectual property, payments (BoP, current US$)",BM.GSR.ROYL.CD,3126595.32507284
Bangladesh,BGD,2001,"Charges for the use of intellectual property, payments (BoP, current US$)",BM.GSR.ROYL.CD,5501180.32083266
Bangladesh,BGD,2000,"Charges for the use of intellectual property, payments (BoP, current US$)",BM.GSR.ROYL.CD,4420433.71283551
Bangladesh,BGD,1999,"Charges for the use of intellectual property, payments (BoP, current US$)",BM.GSR.ROYL.CD,5528115.65034146
Bangladesh,BGD,1998,"Charges for the use of intellectual property, payments (BoP, current US$)",BM.GSR.ROYL.CD,5101004.81657681
Bangladesh,BGD,1997,"Charges for the use of intellectual property, payments (BoP, current US$)",BM.GSR.ROYL.CD,7730578.20282122
Bangladesh,BGD,1996,"Charges for the use of intellectual property, payments (BoP, current US$)",BM.GSR.ROYL.CD,4602195.48542062
Bangladesh,BGD,2024,"Charges for the use of intellectual property, receipts (BoP, current US$)",BX.GSR.ROYL.CD,1318260.42756535
Bangladesh,BGD,2023,"Charges for the use of intellectual property, receipts (BoP, current US$)",BX.GSR.ROYL.CD,2417121.74051629
Bangladesh,BGD,2022,"Charges for the use of intellectual property, receipts (BoP, current US$)",BX.GSR.ROYL.CD,3748198.04653243
Bangladesh,BGD,2021,"Charges for the use of intellectual property, receipts (BoP, current US$)",BX.GSR.ROYL.CD,1977907.28078107
Bangladesh,BGD,2020,"Charges for the use of intellectual property, receipts (BoP, current US$)",BX.GSR.ROYL.CD,4193734.32785526
Bangladesh,BGD,2019,"Charges for the use of intellectual property, receipts (BoP, current US$)",BX.GSR.ROYL.CD,6954596.81198854
Bangladesh,BGD,2018,"Charges for the use of intellectual property, receipts (BoP, current US$)",BX.GSR.ROYL.CD,4082535.48192897
Bangladesh,BGD,2017,"Charges for the use of intellectual property, receipts (BoP, current US$)",BX.GSR.ROYL.CD,36917.9789255316
Bangladesh,BGD,2016,"Charges for the use of intellectual property, receipts (BoP, current US$)",BX.GSR.ROYL.CD,344286.087654456
Bangladesh,BGD,2015,"Charges for the use of intellectual property, receipts (BoP, current US$)",BX.GSR.ROYL.CD,1182236.04045291
Bangladesh,BGD,2014,"Charges for the use of intellectual property, receipts (BoP, current US$)",BX.GSR.ROYL.CD,914912.225408407
Bangladesh,BGD,2013,"Charges for the use of intellectual property, receipts (BoP, current US$)",BX.GSR.ROYL.CD,419654.819780104
Bangladesh,BGD,2012,"Charges for the use of intellectual property, receipts (BoP, current US$)",BX.GSR.ROYL.CD,243886.259387872
Bangladesh,BGD,2011,"Charges for the use of intellectual property, receipts (BoP, current US$)",BX.GSR.ROYL.CD,992520.508036017
Bangladesh,BGD,2010,"Charges for the use of intellectual property, receipts (BoP, current US$)",BX.GSR.ROYL.CD,516648.067296503
Bangladesh,BGD,2009,"Charges for the use of intellectual property, receipts (BoP, current US$)",BX.GSR.ROYL.CD,333018.064914713
Bangladesh,BGD,2008,"Charges for the use of intellectual property, receipts (BoP, current US$)",BX.GSR.ROYL.CD,14581.9926001248
Bangladesh,BGD,2007,"Charges for the use of intellectual property, receipts (BoP, current US$)",BX.GSR.ROYL.CD,43435.9671163358
Bangladesh,BGD,2006,"Charges for the use of intellectual property, receipts (BoP, current US$)",BX.GSR.ROYL.CD,319865.786912213
Bangladesh,BGD,2005,"Charges for the use of intellectual property, receipts (BoP, current US$)",BX.GSR.ROYL.CD,260850.899533998
Bangladesh,BGD,2004,"Charges for the use of intellectual property, receipts (BoP, current US$)",BX.GSR.ROYL.CD,134430.377118349
Bangladesh,BGD,2003,"Charges for the use of intellectual property, receipts (BoP, current US$)",BX.GSR.ROYL.CD,327391.013701951
Bangladesh,BGD,2002,"Charges for the use of intellectual property, receipts (BoP, current US$)",BX.GSR.ROYL.CD,51813.4715025906
Bangladesh,BGD,2001,"Charges for the use of intellectual property, receipts (BoP, current US$)",BX.GSR.ROYL.CD,70175.4385964912
Bangladesh,BGD,2000,"Charges for the use of intellectual property, receipts (BoP, current US$)",BX.GSR.ROYL.CD,57734.2047930283
Bangladesh,BGD,1999,"Charges for the use of intellectual property, receipts (BoP, current US$)",BX.GSR.ROYL.CD,81504.3246795426
Bangladesh,BGD,1997,"Charges for the use of intellectual property, receipts (BoP, current US$)",BX.GSR.ROYL.CD,22204.1283247629
Bangladesh,BGD,2022,Scientific and technical journal articles,IP.JRN.ARTC.SC,7056.17
Bangladesh,BGD,2021,Scientific and technical journal articles,IP.JRN.ARTC.SC,7551.78
Bangladesh,BGD,2020,Scientific and technical journal articles,IP.JRN.ARTC.SC,5121.48
Bangladesh,BGD,2019,Scientific and technical journal articles,IP.JRN.ARTC.SC,5204.89
Bangladesh,BGD,2018,Scientific and technical journal articles,IP.JRN.ARTC.SC,3182.44
Bangladesh,BGD,2017,Scientific and technical journal articles,IP.JRN.ARTC.SC,3126.85
Bangladesh,BGD,2016,Scientific and technical journal articles,IP.JRN.ARTC.SC,2590.98
Bangladesh,BGD,2015,Scientific and technical journal articles,IP.JRN.ARTC.SC,2182.74
Bangladesh,BGD,2014,Scientific and technical journal articles,IP.JRN.ARTC.SC,2408.26
Bangladesh,BGD,2013,Scientific and technical journal articles,IP.JRN.ARTC.SC,1787.42
Bangladesh,BGD,2012,Scientific and technical journal articles,IP.JRN.ARTC.SC,1921.35
Bangladesh,BGD,2011,Scientific and technical journal articles,IP.JRN.ARTC.SC,1391.46
Bangladesh,BGD,2010,Scientific and technical journal articles,IP.JRN.ARTC.SC,1426.96
Bangladesh,BGD,2009,Scientific and technical journal articles,IP.JRN.ARTC.SC,1159.19
Bangladesh,BGD,2008,Scientific and technical journal articles,IP.JRN.ARTC.SC,1056.49
Bangladesh,BGD,2007,Scientific and technical journal articles,IP.JRN.ARTC.SC,871.17
Bangladesh,BGD,2006,Scientific and technical journal articles,IP.JRN.ARTC.SC,740.2
Bangladesh,BGD,2005,Scientific and technical journal articles,IP.JRN.ARTC.SC,593.35
Bangladesh,BGD,2004,Scientific and technical journal articles,IP.JRN.ARTC.SC,531.3
Bangladesh,BGD,2003,Scientific and technical journal articles,IP.JRN.ARTC.SC,493.64
Bangladesh,BGD,2002,Scientific and technical journal articles,IP.JRN.ARTC.SC,420.78
Bangladesh,BGD,2001,Scientific and technical journal articles,IP.JRN.ARTC.SC,434.28
Bangladesh,BGD,2000,Scientific and technical journal articles,IP.JRN.ARTC.SC,444.19
Bangladesh,BGD,1999,Scientific and technical journal articles,IP.JRN.ARTC.SC,407.26
Bangladesh,BGD,1998,Scientific and technical journal articles,IP.JRN.ARTC.SC,389.76
Bangladesh,BGD,1997,Scientific and technical journal articles,IP.JRN.ARTC.SC,396.28
Bangladesh,BGD,1996,Scientific and technical journal articles,IP.JRN.ARTC.SC,368.49
Bangladesh,BGD,2021,"Patent applications, nonresidents",IP.PAT.NRES,373.0
Bangladesh,BGD,2020,"Patent applications, nonresidents",IP.PAT.NRES,362.0
Bangladesh,BGD,2019,"Patent applications, nonresidents",IP.PAT.NRES,345.0
Bangladesh,BGD,2018,"Patent applications, nonresidents",IP.PAT.NRES,299.0
Bangladesh,BGD,2017,"Patent applications, nonresidents",IP.PAT.NRES,241.0
Bangladesh,BGD,2016,"Patent applications, nonresidents",IP.PAT.NRES,267.0
Bangladesh,BGD,2015,"Patent applications, nonresidents",IP.PAT.NRES,299.0
Bangladesh,BGD,2014,"Patent applications, nonresidents",IP.PAT.NRES,249.0
Bangladesh,BGD,2013,"Patent applications, nonresidents",IP.PAT.NRES,243.0
Bangladesh,BGD,2012,"Patent applications, nonresidents",IP.PAT.NRES,287.0
Bangladesh,BGD,2011,"Patent applications, nonresidents",IP.PAT.NRES,269.0
Bangladesh,BGD,2010,"Patent applications, nonresidents",IP.PAT.NRES,276.0
Bangladesh,BGD,2009,"Patent applications, nonresidents",IP.PAT.NRES,275.0
Bangladesh,BGD,2008,"Patent applications, nonresidents",IP.PAT.NRES,278.0
Bangladesh,BGD,2007,"Patent applications, nonresidents",IP.PAT.NRES,270.0
Bangladesh,BGD,2006,"Patent applications, nonresidents",IP.PAT.NRES,288.0
Bangladesh,BGD,2005,"Patent applications, nonresidents",IP.PAT.NRES,294.0
Bangladesh,BGD,2004,"Patent applications, nonresidents",IP.PAT.NRES,268.0
Bangladesh,BGD,2003,"Patent applications, nonresidents",IP.PAT.NRES,260.0
Bangladesh,BGD,2002,"Patent applications, nonresidents",IP.PAT.NRES,246.0
Bangladesh,BGD,2001,"Patent applications, nonresidents",IP.PAT.NRES,236.0
Bangladesh,BGD,2000,"Patent applications, nonresidents",IP.PAT.NRES,248.0
Bangladesh,BGD,1999,"Patent applications, nonresidents",IP.PAT.NRES,200.0
Bangladesh,BGD,1998,"Patent applications, nonresidents",IP.PAT.NRES,184.0
Bangladesh,BGD,1997,"Patent applications, nonresidents",IP.PAT.NRES,119.0
Bangladesh,BGD,1996,"Patent applications, nonresidents",IP.PAT.NRES,131.0
Bangladesh,BGD,1995,"Patent applications, nonresidents",IP.PAT.NRES,156.0
Bangladesh,BGD,1994,"Patent applications, nonresidents",IP.PAT.NRES,89.0
Bangladesh,BGD,1993,"Patent applications, nonresidents",IP.PAT.NRES,71.0
Bangladesh,BGD,1992,"Patent applications, nonresidents",IP.PAT.NRES,89.0
Bangladesh,BGD,1991,"Patent applications, nonresidents",IP.PAT.NRES,77.0
Bangladesh,BGD,1990,"Patent applications, nonresidents",IP.PAT.NRES,76.0
Bangladesh,BGD,1989,"Patent applications, nonresidents",IP.PAT.NRES,76.0
Bangladesh,BGD,1988,"Patent applications, nonresidents",IP.PAT.NRES,109.0
Bangladesh,BGD,1987,"Patent applications, nonresidents",IP.PAT.NRES,98.0
Bangladesh,BGD,1986,"Patent applications, nonresidents",IP.PAT.NRES,77.0
Bangladesh,BGD,1985,"Patent applications, nonresidents",IP.PAT.NRES,96.0
Bangladesh,BGD,1984,"Patent applications, nonresidents",IP.PAT.NRES,104.0
Bangladesh,BGD,1983,"Patent applications, nonresidents",IP.PAT.NRES,123.0
Bangladesh,BGD,1982,"Patent applications, nonresidents",IP.PAT.NRES,104.0
Bangladesh,BGD,1981,"Patent applications, nonresidents",IP.PAT.NRES,133.0
Bangladesh,BGD,1980,"Patent applications, nonresidents",IP.PAT.NRES,102.0
Bangladesh,BGD,2021,"Patent applications, residents",IP.PAT.RESD,74.0
Bangladesh,BGD,2020,"Patent applications, residents",IP.PAT.RESD,40.0
Bangladesh,BGD,2019,"Patent applications, residents",IP.PAT.RESD,68.0
Bangladesh,BGD,2018,"Patent applications, residents",IP.PAT.RESD,69.0
Bangladesh,BGD,2017,"Patent applications, residents",IP.PAT.RESD,61.0
Bangladesh,BGD,2016,"Patent applications, residents",IP.PAT.RESD,77.0
Bangladesh,BGD,2015,"Patent applications, residents",IP.PAT.RESD,41.0
Bangladesh,BGD,2014,"Patent applications, residents",IP.PAT.RESD,44.0
Bangladesh,BGD,2013,"Patent applications, residents",IP.PAT.RESD,60.0
Bangladesh,BGD,2012,"Patent applications, residents",IP.PAT.RESD,67.0
Bangladesh,BGD,2011,"Patent applications, residents",IP.PAT.RESD,37.0
Bangladesh,BGD,2010,"Patent applications, residents",IP.PAT.RESD,66.0
Bangladesh,BGD,2009,"Patent applications, residents",IP.PAT.RESD,55.0
Bangladesh,BGD,2008,"Patent applications, residents",IP.PAT.RESD,60.0
Bangladesh,BGD,2007,"Patent applications, residents",IP.PAT.RESD,29.0
Bangladesh,BGD,2006,"Patent applications, residents",IP.PAT.RESD,22.0
Bangladesh,BGD,2005,"Patent applications, residents",IP.PAT.RESD,50.0
Bangladesh,BGD,2004,"Patent applications, residents",IP.PAT.RESD,48.0
Bangladesh,BGD,2003,"Patent applications, residents",IP.PAT.RESD,58.0
Bangladesh,BGD,2002,"Patent applications, residents",IP.PAT.RESD,43.0
Bangladesh,BGD,2001,"Patent applications, residents",IP.PAT.RESD,59.0
Bangladesh,BGD,2000,"Patent applications, residents",IP.PAT.RESD,70.0
Bangladesh,BGD,1999,"Patent applications, residents",IP.PAT.RESD,49.0
Bangladesh,BGD,1998,"Patent applications, residents",IP.PAT.RESD,32.0
Bangladesh,BGD,1997,"Patent applications, residents",IP.PAT.RESD,46.0
Bangladesh,BGD,1996,"Patent applications, residents",IP.PAT.RESD,22.0
Bangladesh,BGD,1995,"Patent applications, residents",IP.PAT.RESD,70.0
Bangladesh,BGD,1994,"Patent applications, residents",IP.PAT.RESD,39.0
Bangladesh,BGD,1993,"Patent applications, residents",IP.PAT.RESD,36.0
Bangladesh,BGD,1992,"Patent applications, residents",IP.PAT.RESD,72.0
Bangladesh,BGD,1991,"Patent applications, residents",IP.PAT.RESD,36.0
Bangladesh,BGD,1990,"Patent applications, residents",IP.PAT.RESD,32.0
Bangladesh,BGD,1989,"Patent applications, residents",IP.PAT.RESD,32.0
Bangladesh,BGD,1988,"Patent applications, residents",IP.PAT.RESD,24.0
Bangladesh,BGD,1987,"Patent applications, residents",IP.PAT.RESD,23.0
Bangladesh,BGD,1986,"Patent applications, residents",IP.PAT.RESD,16.0
Bangladesh,BGD,1985,"Patent applications, residents",IP.PAT.RESD,40.0
Bangladesh,BGD,1984,"Patent applications, residents",IP.PAT.RESD,62.0
Bangladesh,BGD,1983,"Patent applications, residents",IP.PAT.RESD,40.0
Bangladesh,BGD,1982,"Patent applications, residents",IP.PAT.RESD,40.0
Bangladesh,BGD,1981,"Patent applications, residents",IP.PAT.RESD,39.0
Bangladesh,BGD,1980,"Patent applications, residents",IP.PAT.RESD,34.0
Bangladesh,BGD,2018,High-technology exports (current US$),TX.VAL.TECH.CD,204146450.0
Bangladesh,BGD,2017,High-technology exports (current US$),TX.VAL.TECH.CD,161066666.0
Bangladesh,BGD,2016,High-technology exports (current US$),TX.VAL.TECH.CD,80224851.0
Bangladesh,BGD,2015,High-technology exports (current US$),TX.VAL.TECH.CD,93607706.0
Bangladesh,BGD,2013,High-technology exports (current US$),TX.VAL.TECH.CD,68647591.0
Bangladesh,BGD,2012,High-technology exports (current US$),TX.VAL.TECH.CD,105405034.0
Bangladesh,BGD,2011,High-technology exports (current US$),TX.VAL.TECH.CD,44006131.0
Bangladesh,BGD,2010,High-technology exports (current US$),TX.VAL.TECH.CD,37560962.0
Bangladesh,BGD,2009,High-technology exports (current US$),TX.VAL.TECH.CD,44173505.0
Bangladesh,BGD,2008,High-technology exports (current US$),TX.VAL.TECH.CD,62063721.0
Bangladesh,BGD,2018,High-technology exports (% of manufactured exports),TX.VAL.TECH.MF.ZS,0.539452073551698
Bangladesh,BGD,2017,High-technology exports (% of manufactured exports),TX.VAL.TECH.MF.ZS,0.426450633403232
Bangladesh,BGD,2016,High-technology exports (% of manufactured exports),TX.VAL.TECH.MF.ZS,0.242933626284075
Bangladesh,BGD,2015,High-technology exports (% of manufactured exports),TX.VAL.TECH.MF.ZS,0.307867105131918
Bangladesh,BGD,2013,High-technology exports (% of manufactured exports),TX.VAL.TECH.MF.ZS,0.299089378482049
Bangladesh,BGD,2012,High-technology exports (% of manufactured exports),TX.VAL.TECH.MF.ZS,0.463362848345637
Bangladesh,BGD,2011,High-technology exports (% of manufactured exports),TX.VAL.TECH.MF.ZS,0.19506469565516
Bangladesh,BGD,2010,High-technology exports (% of manufactured exports),TX.VAL.TECH.MF.ZS,0.213025597821188
Bangladesh,BGD,2009,High-technology exports (% of manufactured exports),TX.VAL.TECH.MF.ZS,0.306260590781621
Bangladesh,BGD,2008,High-technology exports (% of manufactured exports),TX.VAL.TECH.MF.ZS,0.435480466968654
