ISO3,Location,DataId,Indicator,Value,Precision,DHS_CountryCode,CountryName,SurveyYear,SurveyId,IndicatorId,IndicatorOrder,IndicatorType,CharacteristicId,CharacteristicOrder,CharacteristicCategory,CharacteristicLabel,ByVariableId,ByVariableLabel,IsTotal,IsPreferred,SDRID,RegionId,SurveyYearLabel,SurveyType,DenominatorWeighted,DenominatorUnweighted,CILow,CIHigh,LevelRank
BGD,Barishal,6308030,Using social marketing brand of pill,98.4,1,BD,Bangladesh,1994,BD1994DHS,FP_SOCM_W_PIL,32763010,I,360001,1360010,Region,Barishal,0,,0,1,FPSOCMWPIL,BDDHS1994360001,1993-94,DHS,101,170,,,1
BGD,Chattogram/Sylhet,6188471,Using social marketing brand of pill,93.2,1,BD,Bangladesh,1994,BD1994DHS,FP_SOCM_W_PIL,32763010,I,360002,1360020,Region,Chattogram/Sylhet,0,,0,1,FPSOCMWPIL,BDDHS1994360002,1993-94,DHS,211,171,,,1
BGD,Chattogram,1321264,Using social marketing brand of pill,93.2,1,BD,Bangladesh,1994,BD1994DHS,FP_SOCM_W_PIL,32763010,I,360003,1360030,Region,..Chattogram,0,,0,1,FPSOCMWPIL,BDDHS1994360003,1993-94,DHS,211,171,,,
BGD,Dhaka before 2015,4939621,Using social marketing brand of pill,97.3,1,BD,Bangladesh,1994,BD1994DHS,FP_SOCM_W_PIL,32763010,I,360005,1360050,Region,Dhaka before 2015,0,,0,1,FPSOCMWPIL,BDDHS1994360005,1993-94,DHS,486,461,,,1
BGD,Khulna,843564,Using social marketing brand of pill,98.2,1,BD,Bangladesh,1994,BD1994DHS,FP_SOCM_W_PIL,32763010,I,360006,1360060,Region,Khulna,0,,0,1,FPSOCMWPIL,BDDHS1994360006,1993-94,DHS,228,231,,,1
BGD,Rajshahi/Rangpur,7428499,Using social marketing brand of pill,99.2,1,BD,Bangladesh,1994,BD1994DHS,FP_SOCM_W_PIL,32763010,I,360007,1360070,Region,Rajshahi/Rangpur,0,,0,1,FPSOCMWPIL,BDDHS1994360007,1993-94,DHS,499,559,,,1
BGD,Barishal,6695029,Number of women using pills,101,0,BD,Bangladesh,1994,BD1994DHS,FP_SOCM_W_NPL,32763020,D,360001,1360010,Region,Barishal,0,,0,1,FPSOCMWNPL,BDDHS1994360001,1993-94,DHS,,170,,,1
BGD,Chattogram/Sylhet,6333135,Number of women using pills,211,0,BD,Bangladesh,1994,BD1994DHS,FP_SOCM_W_NPL,32763020,D,360002,1360020,Region,Chattogram/Sylhet,0,,0,1,FPSOCMWNPL,BDDHS1994360002,1993-94,DHS,,171,,,1
BGD,Chattogram,1321280,Number of women using pills,211,0,BD,Bangladesh,1994,BD1994DHS,FP_SOCM_W_NPL,32763020,D,360003,1360030,Region,..Chattogram,0,,0,1,FPSOCMWNPL,BDDHS1994360003,1993-94,DHS,,171,,,
BGD,Dhaka before 2015,5019656,Number of women using pills,486,0,BD,Bangladesh,1994,BD1994DHS,FP_SOCM_W_NPL,32763020,D,360005,1360050,Region,Dhaka before 2015,0,,0,1,FPSOCMWNPL,BDDHS1994360005,1993-94,DHS,,461,,,1
BGD,Khulna,1321285,Number of women using pills,228,0,BD,Bangladesh,1994,BD1994DHS,FP_SOCM_W_NPL,32763020,D,360006,1360060,Region,Khulna,0,,0,1,FPSOCMWNPL,BDDHS1994360006,1993-94,DHS,,231,,,1
BGD,Rajshahi/Rangpur,7431565,Number of women using pills,499,0,BD,Bangladesh,1994,BD1994DHS,FP_SOCM_W_NPL,32763020,D,360007,1360070,Region,Rajshahi/Rangpur,0,,0,1,FPSOCMWNPL,BDDHS1994360007,1993-94,DHS,,559,,,1
BGD,Barishal,648864,Number of women using pills (unweighted),170,0,BD,Bangladesh,1994,BD1994DHS,FP_SOCM_W_UPL,32763030,U,360001,1360010,Region,Barishal,0,,0,1,FPSOCMWUPL,BDDHS1994360001,1993-94,DHS,101,,,,1
BGD,Chattogram/Sylhet,3225580,Number of women using pills (unweighted),171,0,BD,Bangladesh,1994,BD1994DHS,FP_SOCM_W_UPL,32763030,U,360002,1360020,Region,Chattogram/Sylhet,0,,0,1,FPSOCMWUPL,BDDHS1994360002,1993-94,DHS,211,,,,1
BGD,Chattogram,1321345,Number of women using pills (unweighted),171,0,BD,Bangladesh,1994,BD1994DHS,FP_SOCM_W_UPL,32763030,U,360003,1360030,Region,..Chattogram,0,,0,1,FPSOCMWUPL,BDDHS1994360003,1993-94,DHS,211,,,,
BGD,Dhaka before 2015,166647,Number of women using pills (unweighted),461,0,BD,Bangladesh,1994,BD1994DHS,FP_SOCM_W_UPL,32763030,U,360005,1360050,Region,Dhaka before 2015,0,,0,1,FPSOCMWUPL,BDDHS1994360005,1993-94,DHS,486,,,,1
BGD,Khulna,843614,Number of women using pills (unweighted),231,0,BD,Bangladesh,1994,BD1994DHS,FP_SOCM_W_UPL,32763030,U,360006,1360060,Region,Khulna,0,,0,1,FPSOCMWUPL,BDDHS1994360006,1993-94,DHS,228,,,,1
BGD,Rajshahi/Rangpur,6482929,Number of women using pills (unweighted),559,0,BD,Bangladesh,1994,BD1994DHS,FP_SOCM_W_UPL,32763030,U,360007,1360070,Region,Rajshahi/Rangpur,0,,0,1,FPSOCMWUPL,BDDHS1994360007,1993-94,DHS,499,,,,1
BGD,Barishal,3365123,Using social marketing brand of pill,29.8,1,BD,Bangladesh,1997,BD1997DHS,FP_SOCM_W_PIL,32763010,I,360001,1360010,Region,Barishal,0,,0,1,FPSOCMWPIL,BDDHS1997360001,1996-97,DHS,113,178,,,1
BGD,Chattogram/Sylhet,5782377,Using social marketing brand of pill,24,1,BD,Bangladesh,1997,BD1997DHS,FP_SOCM_W_PIL,32763010,I,360002,1360020,Region,Chattogram/Sylhet,0,,0,1,FPSOCMWPIL,BDDHS1997360002,1996-97,DHS,243,223,,,
BGD,Chattogram,6241098,Using social marketing brand of pill,25.2,1,BD,Bangladesh,1997,BD1997DHS,FP_SOCM_W_PIL,32763010,I,360003,1360030,Region,..Chattogram,0,,0,1,FPSOCMWPIL,BDDHS1997360003,1996-97,DHS,219,172,,,1
BGD,Sylhet,6356577,Using social marketing brand of pill,12.9,1,BD,Bangladesh,1997,BD1997DHS,FP_SOCM_W_PIL,32763010,I,360004,1360040,Region,..Sylhet,0,,0,1,FPSOCMWPIL,BDDHS1997360004,1996-97,DHS,24,51,,,1
BGD,Dhaka before 2015,4356817,Using social marketing brand of pill,24.9,1,BD,Bangladesh,1997,BD1997DHS,FP_SOCM_W_PIL,32763010,I,360005,1360050,Region,Dhaka before 2015,0,,0,1,FPSOCMWPIL,BDDHS1997360005,1996-97,DHS,573,503,,,1
BGD,Khulna,1315060,Using social marketing brand of pill,34.4,1,BD,Bangladesh,1997,BD1997DHS,FP_SOCM_W_PIL,32763010,I,360006,1360060,Region,Khulna,0,,0,1,FPSOCMWPIL,BDDHS1997360006,1996-97,DHS,264,255,,,1
BGD,Rajshahi/Rangpur,1321341,Using social marketing brand of pill,29.3,1,BD,Bangladesh,1997,BD1997DHS,FP_SOCM_W_PIL,32763010,I,360007,1360070,Region,Rajshahi/Rangpur,0,,0,1,FPSOCMWPIL,BDDHS1997360007,1996-97,DHS,530,554,,,1
BGD,Barishal,1315071,Number of women using pills,113,0,BD,Bangladesh,1997,BD1997DHS,FP_SOCM_W_NPL,32763020,D,360001,1360010,Region,Barishal,0,,0,1,FPSOCMWNPL,BDDHS1997360001,1996-97,DHS,,178,,,1
BGD,Chattogram/Sylhet,5801335,Number of women using pills,243,0,BD,Bangladesh,1997,BD1997DHS,FP_SOCM_W_NPL,32763020,D,360002,1360020,Region,Chattogram/Sylhet,0,,0,1,FPSOCMWNPL,BDDHS1997360002,1996-97,DHS,,223,,,
BGD,Chattogram,6183861,Number of women using pills,219,0,BD,Bangladesh,1997,BD1997DHS,FP_SOCM_W_NPL,32763020,D,360003,1360030,Region,..Chattogram,0,,0,1,FPSOCMWNPL,BDDHS1997360003,1996-97,DHS,,172,,,1
BGD,Sylhet,6393876,Number of women using pills,24,0,BD,Bangladesh,1997,BD1997DHS,FP_SOCM_W_NPL,32763020,D,360004,1360040,Region,..Sylhet,0,,0,1,FPSOCMWNPL,BDDHS1997360004,1996-97,DHS,,51,,,1
BGD,Dhaka before 2015,4469345,Number of women using pills,573,0,BD,Bangladesh,1997,BD1997DHS,FP_SOCM_W_NPL,32763020,D,360005,1360050,Region,Dhaka before 2015,0,,0,1,FPSOCMWNPL,BDDHS1997360005,1996-97,DHS,,503,,,1
BGD,Khulna,1315073,Number of women using pills,264,0,BD,Bangladesh,1997,BD1997DHS,FP_SOCM_W_NPL,32763020,D,360006,1360060,Region,Khulna,0,,0,1,FPSOCMWNPL,BDDHS1997360006,1996-97,DHS,,255,,,1
BGD,Rajshahi/Rangpur,1321342,Number of women using pills,530,0,BD,Bangladesh,1997,BD1997DHS,FP_SOCM_W_NPL,32763020,D,360007,1360070,Region,Rajshahi/Rangpur,0,,0,1,FPSOCMWNPL,BDDHS1997360007,1996-97,DHS,,554,,,1
BGD,Barishal,3365124,Number of women using pills (unweighted),178,0,BD,Bangladesh,1997,BD1997DHS,FP_SOCM_W_UPL,32763030,U,360001,1360010,Region,Barishal,0,,0,1,FPSOCMWUPL,BDDHS1997360001,1996-97,DHS,113,,,,1
BGD,Chattogram/Sylhet,2946420,Number of women using pills (unweighted),223,0,BD,Bangladesh,1997,BD1997DHS,FP_SOCM_W_UPL,32763030,U,360002,1360020,Region,Chattogram/Sylhet,0,,0,1,FPSOCMWUPL,BDDHS1997360002,1996-97,DHS,243,,,,
BGD,Chattogram,3327272,Number of women using pills (unweighted),172,0,BD,Bangladesh,1997,BD1997DHS,FP_SOCM_W_UPL,32763030,U,360003,1360030,Region,..Chattogram,0,,0,1,FPSOCMWUPL,BDDHS1997360003,1996-97,DHS,219,,,,1
BGD,Sylhet,2877710,Number of women using pills (unweighted),51,0,BD,Bangladesh,1997,BD1997DHS,FP_SOCM_W_UPL,32763030,U,360004,1360040,Region,..Sylhet,0,,0,1,FPSOCMWUPL,BDDHS1997360004,1996-97,DHS,24,,,,1
BGD,Dhaka before 2015,407552,Number of women using pills (unweighted),503,0,BD,Bangladesh,1997,BD1997DHS,FP_SOCM_W_UPL,32763030,U,360005,1360050,Region,Dhaka before 2015,0,,0,1,FPSOCMWUPL,BDDHS1997360005,1996-97,DHS,573,,,,1
BGD,Khulna,1315076,Number of women using pills (unweighted),255,0,BD,Bangladesh,1997,BD1997DHS,FP_SOCM_W_UPL,32763030,U,360006,1360060,Region,Khulna,0,,0,1,FPSOCMWUPL,BDDHS1997360006,1996-97,DHS,264,,,,1
BGD,Rajshahi/Rangpur,1321344,Number of women using pills (unweighted),554,0,BD,Bangladesh,1997,BD1997DHS,FP_SOCM_W_UPL,32763030,U,360007,1360070,Region,Rajshahi/Rangpur,0,,0,1,FPSOCMWUPL,BDDHS1997360007,1996-97,DHS,530,,,,1
BGD,Barishal,4335547,Using social marketing brand of pill,11.1,1,BD,Bangladesh,2000,BD2000DHS,FP_SOCM_W_PIL,32763010,I,360001,1360010,Region,Barishal,0,,0,1,FPSOCMWPIL,BDDHS2000360001,1999-00,DHS,123,186,,,1
BGD,Chattogram/Sylhet,7473850,Using social marketing brand of pill,8.7,1,BD,Bangladesh,2000,BD2000DHS,FP_SOCM_W_PIL,32763010,I,360002,1360020,Region,Chattogram/Sylhet,0,,0,1,FPSOCMWPIL,BDDHS2000360002,1999-00,DHS,409,497,,,
BGD,Chattogram,7934531,Using social marketing brand of pill,8.2,1,BD,Bangladesh,2000,BD2000DHS,FP_SOCM_W_PIL,32763010,I,360003,1360030,Region,..Chattogram,0,,0,1,FPSOCMWPIL,BDDHS2000360003,1999-00,DHS,336,349,,,1
BGD,Sylhet,5182191,Using social marketing brand of pill,11.2,1,BD,Bangladesh,2000,BD2000DHS,FP_SOCM_W_PIL,32763010,I,360004,1360040,Region,..Sylhet,0,,0,1,FPSOCMWPIL,BDDHS2000360004,1999-00,DHS,73,148,,,1
BGD,Dhaka before 2015,3084782,Using social marketing brand of pill,7.4,1,BD,Bangladesh,2000,BD2000DHS,FP_SOCM_W_PIL,32763010,I,360005,1360050,Region,Dhaka before 2015,0,,0,1,FPSOCMWPIL,BDDHS2000360005,1999-00,DHS,689,544,,,1
BGD,Khulna,7631126,Using social marketing brand of pill,8.8,1,BD,Bangladesh,2000,BD2000DHS,FP_SOCM_W_PIL,32763010,I,360006,1360060,Region,Khulna,0,,0,1,FPSOCMWPIL,BDDHS2000360006,1999-00,DHS,297,416,,,1
BGD,Rajshahi/Rangpur,6702681,Using social marketing brand of pill,6.8,1,BD,Bangladesh,2000,BD2000DHS,FP_SOCM_W_PIL,32763010,I,360007,1360070,Region,Rajshahi/Rangpur,0,,0,1,FPSOCMWPIL,BDDHS2000360007,1999-00,DHS,686,524,,,1
BGD,Barishal,4447760,Number of women using pills,123,0,BD,Bangladesh,2000,BD2000DHS,FP_SOCM_W_NPL,32763020,D,360001,1360010,Region,Barishal,0,,0,1,FPSOCMWNPL,BDDHS2000360001,1999-00,DHS,,186,,,1
BGD,Chattogram/Sylhet,7473849,Number of women using pills,409,0,BD,Bangladesh,2000,BD2000DHS,FP_SOCM_W_NPL,32763020,D,360002,1360020,Region,Chattogram/Sylhet,0,,0,1,FPSOCMWNPL,BDDHS2000360002,1999-00,DHS,,497,,,
BGD,Chattogram,7934353,Number of women using pills,336,0,BD,Bangladesh,2000,BD2000DHS,FP_SOCM_W_NPL,32763020,D,360003,1360030,Region,..Chattogram,0,,0,1,FPSOCMWNPL,BDDHS2000360003,1999-00,DHS,,349,,,1
BGD,Sylhet,5236042,Number of women using pills,73,0,BD,Bangladesh,2000,BD2000DHS,FP_SOCM_W_NPL,32763020,D,360004,1360040,Region,..Sylhet,0,,0,1,FPSOCMWNPL,BDDHS2000360004,1999-00,DHS,,148,,,1
BGD,Dhaka before 2015,1321296,Number of women using pills,689,0,BD,Bangladesh,2000,BD2000DHS,FP_SOCM_W_NPL,32763020,D,360005,1360050,Region,Dhaka before 2015,0,,0,1,FPSOCMWNPL,BDDHS2000360005,1999-00,DHS,,544,,,1
BGD,Khulna,7631103,Number of women using pills,297,0,BD,Bangladesh,2000,BD2000DHS,FP_SOCM_W_NPL,32763020,D,360006,1360060,Region,Khulna,0,,0,1,FPSOCMWNPL,BDDHS2000360006,1999-00,DHS,,416,,,1
BGD,Rajshahi/Rangpur,6737995,Number of women using pills,686,0,BD,Bangladesh,2000,BD2000DHS,FP_SOCM_W_NPL,32763020,D,360007,1360070,Region,Rajshahi/Rangpur,0,,0,1,FPSOCMWNPL,BDDHS2000360007,1999-00,DHS,,524,,,1
BGD,Barishal,662288,Number of women using pills (unweighted),186,0,BD,Bangladesh,2000,BD2000DHS,FP_SOCM_W_UPL,32763030,U,360001,1360010,Region,Barishal,0,,0,1,FPSOCMWUPL,BDDHS2000360001,1999-00,DHS,123,,,,1
BGD,Chattogram/Sylhet,7450547,Number of women using pills (unweighted),497,0,BD,Bangladesh,2000,BD2000DHS,FP_SOCM_W_UPL,32763030,U,360002,1360020,Region,Chattogram/Sylhet,0,,0,1,FPSOCMWUPL,BDDHS2000360002,1999-00,DHS,409,,,,
BGD,Chattogram,7934333,Number of women using pills (unweighted),349,0,BD,Bangladesh,2000,BD2000DHS,FP_SOCM_W_UPL,32763030,U,360003,1360030,Region,..Chattogram,0,,0,1,FPSOCMWUPL,BDDHS2000360003,1999-00,DHS,336,,,,1
BGD,Sylhet,2766372,Number of women using pills (unweighted),148,0,BD,Bangladesh,2000,BD2000DHS,FP_SOCM_W_UPL,32763030,U,360004,1360040,Region,..Sylhet,0,,0,1,FPSOCMWUPL,BDDHS2000360004,1999-00,DHS,73,,,,1
BGD,Dhaka before 2015,3084750,Number of women using pills (unweighted),544,0,BD,Bangladesh,2000,BD2000DHS,FP_SOCM_W_UPL,32763030,U,360005,1360050,Region,Dhaka before 2015,0,,0,1,FPSOCMWUPL,BDDHS2000360005,1999-00,DHS,689,,,,1
BGD,Khulna,7630370,Number of women using pills (unweighted),416,0,BD,Bangladesh,2000,BD2000DHS,FP_SOCM_W_UPL,32763030,U,360006,1360060,Region,Khulna,0,,0,1,FPSOCMWUPL,BDDHS2000360006,1999-00,DHS,297,,,,1
BGD,Rajshahi/Rangpur,2995056,Number of women using pills (unweighted),524,0,BD,Bangladesh,2000,BD2000DHS,FP_SOCM_W_UPL,32763030,U,360007,1360070,Region,Rajshahi/Rangpur,0,,0,1,FPSOCMWUPL,BDDHS2000360007,1999-00,DHS,686,,,,1
BGD,Barishal,7141895,Using social marketing brand of pill,1.8,1,BD,Bangladesh,2007,BD2007DHS,FP_SOCM_W_PIL,32763010,I,360001,1360010,Region,Barishal,0,,0,1,FPSOCMWPIL,BDDHS2007360001,2007,DHS,174,388,,,1
BGD,Chattogram/Sylhet,647497,Using social marketing brand of pill,3.1,1,BD,Bangladesh,2007,BD2007DHS,FP_SOCM_W_PIL,32763010,I,360002,1360020,Region,Chattogram/Sylhet,0,,0,1,FPSOCMWPIL,BDDHS2007360002,2007,DHS,533,640,,,
BGD,Chattogram,6421381,Using social marketing brand of pill,3.4,1,BD,Bangladesh,2007,BD2007DHS,FP_SOCM_W_PIL,32763010,I,360003,1360030,Region,..Chattogram,0,,0,1,FPSOCMWPIL,BDDHS2007360003,2007,DHS,449,443,,,1
BGD,Sylhet,7872866,Using social marketing brand of pill,1.6,1,BD,Bangladesh,2007,BD2007DHS,FP_SOCM_W_PIL,32763010,I,360004,1360040,Region,..Sylhet,0,,0,1,FPSOCMWPIL,BDDHS2007360004,2007,DHS,84,197,,,1
BGD,Dhaka before 2015,5493512,Using social marketing brand of pill,1.9,1,BD,Bangladesh,2007,BD2007DHS,FP_SOCM_W_PIL,32763010,I,360005,1360050,Region,Dhaka before 2015,0,,0,1,FPSOCMWPIL,BDDHS2007360005,2007,DHS,878,616,,,1
BGD,Khulna,3761006,Using social marketing brand of pill,1.3,1,BD,Bangladesh,2007,BD2007DHS,FP_SOCM_W_PIL,32763010,I,360006,1360060,Region,Khulna,0,,0,1,FPSOCMWPIL,BDDHS2007360006,2007,DHS,394,461,,,1
BGD,Rajshahi/Rangpur,5769044,Using social marketing brand of pill,1.9,1,BD,Bangladesh,2007,BD2007DHS,FP_SOCM_W_PIL,32763010,I,360007,1360070,Region,Rajshahi/Rangpur,0,,0,1,FPSOCMWPIL,BDDHS2007360007,2007,DHS,922,652,,,1
BGD,Barishal,7160171,Number of women using pills,174,0,BD,Bangladesh,2007,BD2007DHS,FP_SOCM_W_NPL,32763020,D,360001,1360010,Region,Barishal,0,,0,1,FPSOCMWNPL,BDDHS2007360001,2007,DHS,,388,,,1
BGD,Chattogram/Sylhet,1566198,Number of women using pills,533,0,BD,Bangladesh,2007,BD2007DHS,FP_SOCM_W_NPL,32763020,D,360002,1360020,Region,Chattogram/Sylhet,0,,0,1,FPSOCMWNPL,BDDHS2007360002,2007,DHS,,640,,,
BGD,Chattogram,6477824,Number of women using pills,449,0,BD,Bangladesh,2007,BD2007DHS,FP_SOCM_W_NPL,32763020,D,360003,1360030,Region,..Chattogram,0,,0,1,FPSOCMWNPL,BDDHS2007360003,2007,DHS,,443,,,1
BGD,Sylhet,7874656,Number of women using pills,84,0,BD,Bangladesh,2007,BD2007DHS,FP_SOCM_W_NPL,32763020,D,360004,1360040,Region,..Sylhet,0,,0,1,FPSOCMWNPL,BDDHS2007360004,2007,DHS,,197,,,1
BGD,Dhaka before 2015,5465018,Number of women using pills,878,0,BD,Bangladesh,2007,BD2007DHS,FP_SOCM_W_NPL,32763020,D,360005,1360050,Region,Dhaka before 2015,0,,0,1,FPSOCMWNPL,BDDHS2007360005,2007,DHS,,616,,,1
BGD,Khulna,3760961,Number of women using pills,394,0,BD,Bangladesh,2007,BD2007DHS,FP_SOCM_W_NPL,32763020,D,360006,1360060,Region,Khulna,0,,0,1,FPSOCMWNPL,BDDHS2007360006,2007,DHS,,461,,,1
BGD,Rajshahi/Rangpur,6149854,Number of women using pills,922,0,BD,Bangladesh,2007,BD2007DHS,FP_SOCM_W_NPL,32763020,D,360007,1360070,Region,Rajshahi/Rangpur,0,,0,1,FPSOCMWNPL,BDDHS2007360007,2007,DHS,,652,,,1
BGD,Barishal,3081941,Number of women using pills (unweighted),388,0,BD,Bangladesh,2007,BD2007DHS,FP_SOCM_W_UPL,32763030,U,360001,1360010,Region,Barishal,0,,0,1,FPSOCMWUPL,BDDHS2007360001,2007,DHS,174,,,,1
BGD,Chattogram/Sylhet,647496,Number of women using pills (unweighted),640,0,BD,Bangladesh,2007,BD2007DHS,FP_SOCM_W_UPL,32763030,U,360002,1360020,Region,Chattogram/Sylhet,0,,0,1,FPSOCMWUPL,BDDHS2007360002,2007,DHS,533,,,,
BGD,Chattogram,2916725,Number of women using pills (unweighted),443,0,BD,Bangladesh,2007,BD2007DHS,FP_SOCM_W_UPL,32763030,U,360003,1360030,Region,..Chattogram,0,,0,1,FPSOCMWUPL,BDDHS2007360003,2007,DHS,449,,,,1
BGD,Sylhet,7872867,Number of women using pills (unweighted),197,0,BD,Bangladesh,2007,BD2007DHS,FP_SOCM_W_UPL,32763030,U,360004,1360040,Region,..Sylhet,0,,0,1,FPSOCMWUPL,BDDHS2007360004,2007,DHS,84,,,,1
BGD,Dhaka before 2015,3371251,Number of women using pills (unweighted),616,0,BD,Bangladesh,2007,BD2007DHS,FP_SOCM_W_UPL,32763030,U,360005,1360050,Region,Dhaka before 2015,0,,0,1,FPSOCMWUPL,BDDHS2007360005,2007,DHS,878,,,,1
BGD,Khulna,1551351,Number of women using pills (unweighted),461,0,BD,Bangladesh,2007,BD2007DHS,FP_SOCM_W_UPL,32763030,U,360006,1360060,Region,Khulna,0,,0,1,FPSOCMWUPL,BDDHS2007360006,2007,DHS,394,,,,1
BGD,Rajshahi/Rangpur,702285,Number of women using pills (unweighted),652,0,BD,Bangladesh,2007,BD2007DHS,FP_SOCM_W_UPL,32763030,U,360007,1360070,Region,Rajshahi/Rangpur,0,,0,1,FPSOCMWUPL,BDDHS2007360007,2007,DHS,922,,,,1
BGD,Barishal,6531135,Using social marketing brand of pill,51.5,1,BD,Bangladesh,2014,BD2014DHS,FP_SOCM_W_PIL,32763010,I,360001,1360010,Region,Barishal,0,,0,1,FPSOCMWPIL,BDDHS2014360001,2014,DHS,285,556,,,1
BGD,Chattogram/Sylhet,446602,Using social marketing brand of pill,44.6,1,BD,Bangladesh,2014,BD2014DHS,FP_SOCM_W_PIL,32763010,I,360002,1360020,Region,Chattogram/Sylhet,0,,0,1,FPSOCMWPIL,BDDHS2014360002,2014,DHS,993,1057,,,
BGD,Chattogram,4478579,Using social marketing brand of pill,48.7,1,BD,Bangladesh,2014,BD2014DHS,FP_SOCM_W_PIL,32763010,I,360003,1360030,Region,..Chattogram,0,,0,1,FPSOCMWPIL,BDDHS2014360003,2014,DHS,750,634,,,1
BGD,Sylhet,2812904,Using social marketing brand of pill,32,1,BD,Bangladesh,2014,BD2014DHS,FP_SOCM_W_PIL,32763010,I,360004,1360040,Region,..Sylhet,0,,0,1,FPSOCMWPIL,BDDHS2014360004,2014,DHS,242,423,,,1
BGD,Dhaka before 2015,4292964,Using social marketing brand of pill,42.1,1,BD,Bangladesh,2014,BD2014DHS,FP_SOCM_W_PIL,32763010,I,360005,1360050,Region,Dhaka before 2015,0,,0,1,FPSOCMWPIL,BDDHS2014360005,2014,DHS,1602,822,,,1
BGD,Khulna,5761592,Using social marketing brand of pill,38.9,1,BD,Bangladesh,2014,BD2014DHS,FP_SOCM_W_PIL,32763010,I,360006,1360060,Region,Khulna,0,,0,1,FPSOCMWPIL,BDDHS2014360006,2014,DHS,451,624,,,1
BGD,Rajshahi/Rangpur,115434,Using social marketing brand of pill,44.1,1,BD,Bangladesh,2014,BD2014DHS,FP_SOCM_W_PIL,32763010,I,360007,1360070,Region,Rajshahi/Rangpur,0,,0,1,FPSOCMWPIL,BDDHS2014360007,2014,DHS,1202,1430,,,
BGD,Rangpur,6392741,Using social marketing brand of pill,44.3,1,BD,Bangladesh,2014,BD2014DHS,FP_SOCM_W_PIL,32763010,I,360008,1360080,Region,..Rangpur,0,,0,1,FPSOCMWPIL,BDDHS2014360008,2014,DHS,642,774,,,1
BGD,Rajshahi,326164,Using social marketing brand of pill,43.9,1,BD,Bangladesh,2014,BD2014DHS,FP_SOCM_W_PIL,32763010,I,360009,1360090,Region,..Rajshahi,0,,0,1,FPSOCMWPIL,BDDHS2014360009,2014,DHS,560,656,,,1
BGD,Barishal,6531136,Number of women using pills,285,0,BD,Bangladesh,2014,BD2014DHS,FP_SOCM_W_NPL,32763020,D,360001,1360010,Region,Barishal,0,,0,1,FPSOCMWNPL,BDDHS2014360001,2014,DHS,,556,,,1
BGD,Chattogram/Sylhet,1533112,Number of women using pills,993,0,BD,Bangladesh,2014,BD2014DHS,FP_SOCM_W_NPL,32763020,D,360002,1360020,Region,Chattogram/Sylhet,0,,0,1,FPSOCMWNPL,BDDHS2014360002,2014,DHS,,1057,,,
BGD,Chattogram,4612023,Number of women using pills,750,0,BD,Bangladesh,2014,BD2014DHS,FP_SOCM_W_NPL,32763020,D,360003,1360030,Region,..Chattogram,0,,0,1,FPSOCMWNPL,BDDHS2014360003,2014,DHS,,634,,,1
BGD,Sylhet,1549211,Number of women using pills,242,0,BD,Bangladesh,2014,BD2014DHS,FP_SOCM_W_NPL,32763020,D,360004,1360040,Region,..Sylhet,0,,0,1,FPSOCMWNPL,BDDHS2014360004,2014,DHS,,423,,,1
BGD,Dhaka before 2015,4271819,Number of women using pills,1602,0,BD,Bangladesh,2014,BD2014DHS,FP_SOCM_W_NPL,32763020,D,360005,1360050,Region,Dhaka before 2015,0,,0,1,FPSOCMWNPL,BDDHS2014360005,2014,DHS,,822,,,1
BGD,Khulna,5827500,Number of women using pills,451,0,BD,Bangladesh,2014,BD2014DHS,FP_SOCM_W_NPL,32763020,D,360006,1360060,Region,Khulna,0,,0,1,FPSOCMWNPL,BDDHS2014360006,2014,DHS,,624,,,1
BGD,Rajshahi/Rangpur,1556878,Number of women using pills,1202,0,BD,Bangladesh,2014,BD2014DHS,FP_SOCM_W_NPL,32763020,D,360007,1360070,Region,Rajshahi/Rangpur,0,,0,1,FPSOCMWNPL,BDDHS2014360007,2014,DHS,,1430,,,
BGD,Rangpur,6392740,Number of women using pills,642,0,BD,Bangladesh,2014,BD2014DHS,FP_SOCM_W_NPL,32763020,D,360008,1360080,Region,..Rangpur,0,,0,1,FPSOCMWNPL,BDDHS2014360008,2014,DHS,,774,,,1
BGD,Rajshahi,1556726,Number of women using pills,560,0,BD,Bangladesh,2014,BD2014DHS,FP_SOCM_W_NPL,32763020,D,360009,1360090,Region,..Rajshahi,0,,0,1,FPSOCMWNPL,BDDHS2014360009,2014,DHS,,656,,,1
BGD,Barishal,1542585,Number of women using pills (unweighted),556,0,BD,Bangladesh,2014,BD2014DHS,FP_SOCM_W_UPL,32763030,U,360001,1360010,Region,Barishal,0,,0,1,FPSOCMWUPL,BDDHS2014360001,2014,DHS,285,,,,1
BGD,Chattogram/Sylhet,446603,Number of women using pills (unweighted),1057,0,BD,Bangladesh,2014,BD2014DHS,FP_SOCM_W_UPL,32763030,U,360002,1360020,Region,Chattogram/Sylhet,0,,0,1,FPSOCMWUPL,BDDHS2014360002,2014,DHS,993,,,,
BGD,Chattogram,661138,Number of women using pills (unweighted),634,0,BD,Bangladesh,2014,BD2014DHS,FP_SOCM_W_UPL,32763030,U,360003,1360030,Region,..Chattogram,0,,0,1,FPSOCMWUPL,BDDHS2014360003,2014,DHS,750,,,,1
BGD,Sylhet,2812905,Number of women using pills (unweighted),423,0,BD,Bangladesh,2014,BD2014DHS,FP_SOCM_W_UPL,32763030,U,360004,1360040,Region,..Sylhet,0,,0,1,FPSOCMWUPL,BDDHS2014360004,2014,DHS,242,,,,1
BGD,Dhaka before 2015,3256257,Number of women using pills (unweighted),822,0,BD,Bangladesh,2014,BD2014DHS,FP_SOCM_W_UPL,32763030,U,360005,1360050,Region,Dhaka before 2015,0,,0,1,FPSOCMWUPL,BDDHS2014360005,2014,DHS,1602,,,,1
BGD,Khulna,2936547,Number of women using pills (unweighted),624,0,BD,Bangladesh,2014,BD2014DHS,FP_SOCM_W_UPL,32763030,U,360006,1360060,Region,Khulna,0,,0,1,FPSOCMWUPL,BDDHS2014360006,2014,DHS,451,,,,1
BGD,Rajshahi/Rangpur,115396,Number of women using pills (unweighted),1430,0,BD,Bangladesh,2014,BD2014DHS,FP_SOCM_W_UPL,32763030,U,360007,1360070,Region,Rajshahi/Rangpur,0,,0,1,FPSOCMWUPL,BDDHS2014360007,2014,DHS,1202,,,,
BGD,Rangpur,1556735,Number of women using pills (unweighted),774,0,BD,Bangladesh,2014,BD2014DHS,FP_SOCM_W_UPL,32763030,U,360008,1360080,Region,..Rangpur,0,,0,1,FPSOCMWUPL,BDDHS2014360008,2014,DHS,642,,,,1
BGD,Rajshahi,326158,Number of women using pills (unweighted),656,0,BD,Bangladesh,2014,BD2014DHS,FP_SOCM_W_UPL,32763030,U,360009,1360090,Region,..Rajshahi,0,,0,1,FPSOCMWUPL,BDDHS2014360009,2014,DHS,560,,,,1
BGD,Barishal,261051,Using social marketing brand of condom,70.3,1,BD,Bangladesh,2014,BD2014DHS,FP_SOCM_W_CON,32763040,I,360001,1360010,Region,Barishal,0,,0,1,FPSOCMWCON,BDDHS2014360001,2014,DHS,44,88,,,1
BGD,Chattogram/Sylhet,3580914,Using social marketing brand of condom,66.7,1,BD,Bangladesh,2014,BD2014DHS,FP_SOCM_W_CON,32763040,I,360002,1360020,Region,Chattogram/Sylhet,0,,0,1,FPSOCMWCON,BDDHS2014360002,2014,DHS,176,210,,,
BGD,Chattogram,4585806,Using social marketing brand of condom,69.6,1,BD,Bangladesh,2014,BD2014DHS,FP_SOCM_W_CON,32763040,I,360003,1360030,Region,..Chattogram,0,,0,1,FPSOCMWCON,BDDHS2014360003,2014,DHS,134,128,,,1
BGD,Sylhet,4765361,Using social marketing brand of condom,57.5,1,BD,Bangladesh,2014,BD2014DHS,FP_SOCM_W_CON,32763040,I,360004,1360040,Region,..Sylhet,0,,0,1,FPSOCMWCON,BDDHS2014360004,2014,DHS,42,82,,,1
BGD,Dhaka before 2015,1533125,Using social marketing brand of condom,63.5,1,BD,Bangladesh,2014,BD2014DHS,FP_SOCM_W_CON,32763040,I,360005,1360050,Region,Dhaka before 2015,0,,0,1,FPSOCMWCON,BDDHS2014360005,2014,DHS,446,241,,,1
BGD,Khulna,5444970,Using social marketing brand of condom,64.9,1,BD,Bangladesh,2014,BD2014DHS,FP_SOCM_W_CON,32763040,I,360006,1360060,Region,Khulna,0,,0,1,FPSOCMWCON,BDDHS2014360006,2014,DHS,111,175,,,1
BGD,Rajshahi/Rangpur,5981074,Using social marketing brand of condom,54,1,BD,Bangladesh,2014,BD2014DHS,FP_SOCM_W_CON,32763040,I,360007,1360070,Region,Rajshahi/Rangpur,0,,0,1,FPSOCMWCON,BDDHS2014360007,2014,DHS,211,313,,,
BGD,Rangpur,3156852,Using social marketing brand of condom,56.1,1,BD,Bangladesh,2014,BD2014DHS,FP_SOCM_W_CON,32763040,I,360008,1360080,Region,..Rangpur,0,,0,1,FPSOCMWCON,BDDHS2014360008,2014,DHS,72,117,,,1
BGD,Rajshahi,6391994,Using social marketing brand of condom,52.9,1,BD,Bangladesh,2014,BD2014DHS,FP_SOCM_W_CON,32763040,I,360009,1360090,Region,..Rajshahi,0,,0,1,FPSOCMWCON,BDDHS2014360009,2014,DHS,139,196,,,1
BGD,Barishal,1542643,Number of women using condoms,44,0,BD,Bangladesh,2014,BD2014DHS,FP_SOCM_W_NCN,32763050,D,360001,1360010,Region,Barishal,0,,0,1,FPSOCMWNCN,BDDHS2014360001,2014,DHS,,88,,,1
BGD,Chattogram/Sylhet,3556199,Number of women using condoms,176,0,BD,Bangladesh,2014,BD2014DHS,FP_SOCM_W_NCN,32763050,D,360002,1360020,Region,Chattogram/Sylhet,0,,0,1,FPSOCMWNCN,BDDHS2014360002,2014,DHS,,210,,,
BGD,Chattogram,4618054,Number of women using condoms,134,0,BD,Bangladesh,2014,BD2014DHS,FP_SOCM_W_NCN,32763050,D,360003,1360030,Region,..Chattogram,0,,0,1,FPSOCMWNCN,BDDHS2014360003,2014,DHS,,128,,,1
BGD,Sylhet,4852437,Number of women using condoms,42,0,BD,Bangladesh,2014,BD2014DHS,FP_SOCM_W_NCN,32763050,D,360004,1360040,Region,..Sylhet,0,,0,1,FPSOCMWNCN,BDDHS2014360004,2014,DHS,,82,,,1
BGD,Dhaka before 2015,1533126,Number of women using condoms,446,0,BD,Bangladesh,2014,BD2014DHS,FP_SOCM_W_NCN,32763050,D,360005,1360050,Region,Dhaka before 2015,0,,0,1,FPSOCMWNCN,BDDHS2014360005,2014,DHS,,241,,,1
BGD,Khulna,5475806,Number of women using condoms,111,0,BD,Bangladesh,2014,BD2014DHS,FP_SOCM_W_NCN,32763050,D,360006,1360060,Region,Khulna,0,,0,1,FPSOCMWNCN,BDDHS2014360006,2014,DHS,,175,,,1
BGD,Rajshahi/Rangpur,6089930,Number of women using condoms,211,0,BD,Bangladesh,2014,BD2014DHS,FP_SOCM_W_NCN,32763050,D,360007,1360070,Region,Rajshahi/Rangpur,0,,0,1,FPSOCMWNCN,BDDHS2014360007,2014,DHS,,313,,,
BGD,Rangpur,1556734,Number of women using condoms,72,0,BD,Bangladesh,2014,BD2014DHS,FP_SOCM_W_NCN,32763050,D,360008,1360080,Region,..Rangpur,0,,0,1,FPSOCMWNCN,BDDHS2014360008,2014,DHS,,117,,,1
BGD,Rajshahi,6477983,Number of women using condoms,139,0,BD,Bangladesh,2014,BD2014DHS,FP_SOCM_W_NCN,32763050,D,360009,1360090,Region,..Rajshahi,0,,0,1,FPSOCMWNCN,BDDHS2014360009,2014,DHS,,196,,,1
BGD,Barishal,261039,Number of women using condoms (unweighted),88,0,BD,Bangladesh,2014,BD2014DHS,FP_SOCM_W_UCN,32763060,U,360001,1360010,Region,Barishal,0,,0,1,FPSOCMWUCN,BDDHS2014360001,2014,DHS,44,,,,1
BGD,Chattogram/Sylhet,3282199,Number of women using condoms (unweighted),210,0,BD,Bangladesh,2014,BD2014DHS,FP_SOCM_W_UCN,32763060,U,360002,1360020,Region,Chattogram/Sylhet,0,,0,1,FPSOCMWUCN,BDDHS2014360002,2014,DHS,176,,,,
BGD,Chattogram,2770327,Number of women using condoms (unweighted),128,0,BD,Bangladesh,2014,BD2014DHS,FP_SOCM_W_UCN,32763060,U,360003,1360030,Region,..Chattogram,0,,0,1,FPSOCMWUCN,BDDHS2014360003,2014,DHS,134,,,,1
BGD,Sylhet,339151,Number of women using condoms (unweighted),82,0,BD,Bangladesh,2014,BD2014DHS,FP_SOCM_W_UCN,32763060,U,360004,1360040,Region,..Sylhet,0,,0,1,FPSOCMWUCN,BDDHS2014360004,2014,DHS,42,,,,1
BGD,Dhaka before 2015,1533102,Number of women using condoms (unweighted),241,0,BD,Bangladesh,2014,BD2014DHS,FP_SOCM_W_UCN,32763060,U,360005,1360050,Region,Dhaka before 2015,0,,0,1,FPSOCMWUCN,BDDHS2014360005,2014,DHS,446,,,,1
BGD,Khulna,2856528,Number of women using condoms (unweighted),175,0,BD,Bangladesh,2014,BD2014DHS,FP_SOCM_W_UCN,32763060,U,360006,1360060,Region,Khulna,0,,0,1,FPSOCMWUCN,BDDHS2014360006,2014,DHS,111,,,,1
BGD,Rajshahi/Rangpur,3316949,Number of women using condoms (unweighted),313,0,BD,Bangladesh,2014,BD2014DHS,FP_SOCM_W_UCN,32763060,U,360007,1360070,Region,Rajshahi/Rangpur,0,,0,1,FPSOCMWUCN,BDDHS2014360007,2014,DHS,211,,,,
BGD,Rangpur,3156888,Number of women using condoms (unweighted),117,0,BD,Bangladesh,2014,BD2014DHS,FP_SOCM_W_UCN,32763060,U,360008,1360080,Region,..Rangpur,0,,0,1,FPSOCMWUCN,BDDHS2014360008,2014,DHS,72,,,,1
BGD,Rajshahi,182568,Number of women using condoms (unweighted),196,0,BD,Bangladesh,2014,BD2014DHS,FP_SOCM_W_UCN,32763060,U,360009,1360090,Region,..Rajshahi,0,,0,1,FPSOCMWUCN,BDDHS2014360009,2014,DHS,139,,,,1
BGD,Barishal,4911466,Using social marketing brand of pill,51.4,1,BD,Bangladesh,2017,BD2017DHS,FP_SOCM_W_PIL,32763010,I,360001,1360010,Region,Barishal,0,,0,1,FPSOCMWPIL,BDDHS2017360001,2017-18,DHS,269,516,,,1
BGD,Chattogram/Sylhet,654659,Using social marketing brand of pill,51.1,1,BD,Bangladesh,2017,BD2017DHS,FP_SOCM_W_PIL,32763010,I,360002,1360020,Region,Chattogram/Sylhet,0,,0,1,FPSOCMWPIL,BDDHS2017360002,2017-18,DHS,1027,1121,,,
BGD,Chattogram,6460890,Using social marketing brand of pill,52.5,1,BD,Bangladesh,2017,BD2017DHS,FP_SOCM_W_PIL,32763010,I,360003,1360030,Region,..Chattogram,0,,0,1,FPSOCMWPIL,BDDHS2017360003,2017-18,DHS,760,623,,,1
BGD,Sylhet,2844684,Using social marketing brand of pill,47.4,1,BD,Bangladesh,2017,BD2017DHS,FP_SOCM_W_PIL,32763010,I,360004,1360040,Region,..Sylhet,0,,0,1,FPSOCMWPIL,BDDHS2017360004,2017-18,DHS,267,498,,,1
BGD,Dhaka before 2015,3762858,Using social marketing brand of pill,46.5,1,BD,Bangladesh,2017,BD2017DHS,FP_SOCM_W_PIL,32763010,I,360005,1360050,Region,Dhaka before 2015,0,,0,1,FPSOCMWPIL,BDDHS2017360005,2017-18,DHS,1690,1371,,,
BGD,Dhaka,6168420,Using social marketing brand of pill,50.8,1,BD,Bangladesh,2017,BD2017DHS,FP_SOCM_W_PIL,32763010,I,360010,1360052,Region,..Dhaka,0,,0,1,FPSOCMWPIL,BDDHS2017360010,2017-18,DHS,1214,704,,,1
BGD,Mymensingh,3973254,Using social marketing brand of pill,35.7,1,BD,Bangladesh,2017,BD2017DHS,FP_SOCM_W_PIL,32763010,I,360011,1360055,Region,..Mymensingh,0,,0,1,FPSOCMWPIL,BDDHS2017360011,2017-18,DHS,476,667,,,1
BGD,Khulna,6997157,Using social marketing brand of pill,41.3,1,BD,Bangladesh,2017,BD2017DHS,FP_SOCM_W_PIL,32763010,I,360006,1360060,Region,Khulna,0,,0,1,FPSOCMWPIL,BDDHS2017360006,2017-18,DHS,517,575,,,1
BGD,Rajshahi/Rangpur,3405558,Using social marketing brand of pill,45.4,1,BD,Bangladesh,2017,BD2017DHS,FP_SOCM_W_PIL,32763010,I,360007,1360070,Region,Rajshahi/Rangpur,0,,0,1,FPSOCMWPIL,BDDHS2017360007,2017-18,DHS,1302,1247,,,
BGD,Rangpur,6635951,Using social marketing brand of pill,45.2,1,BD,Bangladesh,2017,BD2017DHS,FP_SOCM_W_PIL,32763010,I,360008,1360080,Region,..Rangpur,0,,0,1,FPSOCMWPIL,BDDHS2017360008,2017-18,DHS,629,634,,,1
BGD,Rajshahi,705567,Using social marketing brand of pill,45.5,1,BD,Bangladesh,2017,BD2017DHS,FP_SOCM_W_PIL,32763010,I,360009,1360090,Region,..Rajshahi,0,,0,1,FPSOCMWPIL,BDDHS2017360009,2017-18,DHS,673,613,,,1
BGD,Barishal,4969138,Number of women using pills,269,0,BD,Bangladesh,2017,BD2017DHS,FP_SOCM_W_NPL,32763020,D,360001,1360010,Region,Barishal,0,,0,1,FPSOCMWNPL,BDDHS2017360001,2017-18,DHS,,516,,,1
BGD,Chattogram/Sylhet,1549281,Number of women using pills,1027,0,BD,Bangladesh,2017,BD2017DHS,FP_SOCM_W_NPL,32763020,D,360002,1360020,Region,Chattogram/Sylhet,0,,0,1,FPSOCMWNPL,BDDHS2017360002,2017-18,DHS,,1121,,,
BGD,Chattogram,6545239,Number of women using pills,760,0,BD,Bangladesh,2017,BD2017DHS,FP_SOCM_W_NPL,32763020,D,360003,1360030,Region,..Chattogram,0,,0,1,FPSOCMWNPL,BDDHS2017360003,2017-18,DHS,,623,,,1
BGD,Sylhet,1557013,Number of women using pills,267,0,BD,Bangladesh,2017,BD2017DHS,FP_SOCM_W_NPL,32763020,D,360004,1360040,Region,..Sylhet,0,,0,1,FPSOCMWNPL,BDDHS2017360004,2017-18,DHS,,498,,,1
BGD,Dhaka before 2015,3849281,Number of women using pills,1690,0,BD,Bangladesh,2017,BD2017DHS,FP_SOCM_W_NPL,32763020,D,360005,1360050,Region,Dhaka before 2015,0,,0,1,FPSOCMWNPL,BDDHS2017360005,2017-18,DHS,,1371,,,
BGD,Dhaka,6228603,Number of women using pills,1214,0,BD,Bangladesh,2017,BD2017DHS,FP_SOCM_W_NPL,32763020,D,360010,1360052,Region,..Dhaka,0,,0,1,FPSOCMWNPL,BDDHS2017360010,2017-18,DHS,,704,,,1
BGD,Mymensingh,4003553,Number of women using pills,476,0,BD,Bangladesh,2017,BD2017DHS,FP_SOCM_W_NPL,32763020,D,360011,1360055,Region,..Mymensingh,0,,0,1,FPSOCMWNPL,BDDHS2017360011,2017-18,DHS,,667,,,1
BGD,Khulna,6997158,Number of women using pills,517,0,BD,Bangladesh,2017,BD2017DHS,FP_SOCM_W_NPL,32763020,D,360006,1360060,Region,Khulna,0,,0,1,FPSOCMWNPL,BDDHS2017360006,2017-18,DHS,,575,,,1
BGD,Rajshahi/Rangpur,1542782,Number of women using pills,1302,0,BD,Bangladesh,2017,BD2017DHS,FP_SOCM_W_NPL,32763020,D,360007,1360070,Region,Rajshahi/Rangpur,0,,0,1,FPSOCMWNPL,BDDHS2017360007,2017-18,DHS,,1247,,,
BGD,Rangpur,6635973,Number of women using pills,629,0,BD,Bangladesh,2017,BD2017DHS,FP_SOCM_W_NPL,32763020,D,360008,1360080,Region,..Rangpur,0,,0,1,FPSOCMWNPL,BDDHS2017360008,2017-18,DHS,,634,,,1
BGD,Rajshahi,1556769,Number of women using pills,673,0,BD,Bangladesh,2017,BD2017DHS,FP_SOCM_W_NPL,32763020,D,360009,1360090,Region,..Rajshahi,0,,0,1,FPSOCMWNPL,BDDHS2017360009,2017-18,DHS,,613,,,1
BGD,Barishal,3140927,Number of women using pills (unweighted),516,0,BD,Bangladesh,2017,BD2017DHS,FP_SOCM_W_UPL,32763030,U,360001,1360010,Region,Barishal,0,,0,1,FPSOCMWUPL,BDDHS2017360001,2017-18,DHS,269,,,,1
BGD,Chattogram/Sylhet,654658,Number of women using pills (unweighted),1121,0,BD,Bangladesh,2017,BD2017DHS,FP_SOCM_W_UPL,32763030,U,360002,1360020,Region,Chattogram/Sylhet,0,,0,1,FPSOCMWUPL,BDDHS2017360002,2017-18,DHS,1027,,,,
BGD,Chattogram,475601,Number of women using pills (unweighted),623,0,BD,Bangladesh,2017,BD2017DHS,FP_SOCM_W_UPL,32763030,U,360003,1360030,Region,..Chattogram,0,,0,1,FPSOCMWUPL,BDDHS2017360003,2017-18,DHS,760,,,,1
BGD,Sylhet,2844685,Number of women using pills (unweighted),498,0,BD,Bangladesh,2017,BD2017DHS,FP_SOCM_W_UPL,32763030,U,360004,1360040,Region,..Sylhet,0,,0,1,FPSOCMWUPL,BDDHS2017360004,2017-18,DHS,267,,,,1
BGD,Dhaka before 2015,161583,Number of women using pills (unweighted),1371,0,BD,Bangladesh,2017,BD2017DHS,FP_SOCM_W_UPL,32763030,U,360005,1360050,Region,Dhaka before 2015,0,,0,1,FPSOCMWUPL,BDDHS2017360005,2017-18,DHS,1690,,,,
BGD,Dhaka,713016,Number of women using pills (unweighted),704,0,BD,Bangladesh,2017,BD2017DHS,FP_SOCM_W_UPL,32763030,U,360010,1360052,Region,..Dhaka,0,,0,1,FPSOCMWUPL,BDDHS2017360010,2017-18,DHS,1214,,,,1
BGD,Mymensingh,2764221,Number of women using pills (unweighted),667,0,BD,Bangladesh,2017,BD2017DHS,FP_SOCM_W_UPL,32763030,U,360011,1360055,Region,..Mymensingh,0,,0,1,FPSOCMWUPL,BDDHS2017360011,2017-18,DHS,476,,,,1
BGD,Khulna,1542809,Number of women using pills (unweighted),575,0,BD,Bangladesh,2017,BD2017DHS,FP_SOCM_W_UPL,32763030,U,360006,1360060,Region,Khulna,0,,0,1,FPSOCMWUPL,BDDHS2017360006,2017-18,DHS,517,,,,1
BGD,Rajshahi/Rangpur,3405559,Number of women using pills (unweighted),1247,0,BD,Bangladesh,2017,BD2017DHS,FP_SOCM_W_UPL,32763030,U,360007,1360070,Region,Rajshahi/Rangpur,0,,0,1,FPSOCMWUPL,BDDHS2017360007,2017-18,DHS,1302,,,,
BGD,Rangpur,1556796,Number of women using pills (unweighted),634,0,BD,Bangladesh,2017,BD2017DHS,FP_SOCM_W_UPL,32763030,U,360008,1360080,Region,..Rangpur,0,,0,1,FPSOCMWUPL,BDDHS2017360008,2017-18,DHS,629,,,,1
BGD,Rajshahi,705566,Number of women using pills (unweighted),613,0,BD,Bangladesh,2017,BD2017DHS,FP_SOCM_W_UPL,32763030,U,360009,1360090,Region,..Rajshahi,0,,0,1,FPSOCMWUPL,BDDHS2017360009,2017-18,DHS,673,,,,1
BGD,Barishal,3640079,Using social marketing brand of condom,64.9,1,BD,Bangladesh,2017,BD2017DHS,FP_SOCM_W_CON,32763040,I,360001,1360010,Region,Barishal,0,,0,1,FPSOCMWCON,BDDHS2017360001,2017-18,DHS,54,121,,,1
BGD,Chattogram/Sylhet,5229948,Using social marketing brand of condom,70.2,1,BD,Bangladesh,2017,BD2017DHS,FP_SOCM_W_CON,32763040,I,360002,1360020,Region,Chattogram/Sylhet,0,,0,1,FPSOCMWCON,BDDHS2017360002,2017-18,DHS,234,289,,,
BGD,Chattogram,247144,Using social marketing brand of condom,73.3,1,BD,Bangladesh,2017,BD2017DHS,FP_SOCM_W_CON,32763040,I,360003,1360030,Region,..Chattogram,0,,0,1,FPSOCMWCON,BDDHS2017360003,2017-18,DHS,163,144,,,1
BGD,Sylhet,3580915,Using social marketing brand of condom,63,1,BD,Bangladesh,2017,BD2017DHS,FP_SOCM_W_CON,32763040,I,360004,1360040,Region,..Sylhet,0,,0,1,FPSOCMWCON,BDDHS2017360004,2017-18,DHS,70,145,,,1
BGD,Dhaka before 2015,1549280,Using social marketing brand of condom,63.3,1,BD,Bangladesh,2017,BD2017DHS,FP_SOCM_W_CON,32763040,I,360005,1360050,Region,Dhaka before 2015,0,,0,1,FPSOCMWCON,BDDHS2017360005,2017-18,DHS,517,393,,,
BGD,Dhaka,3067836,Using social marketing brand of condom,62.9,1,BD,Bangladesh,2017,BD2017DHS,FP_SOCM_W_CON,32763040,I,360010,1360052,Region,..Dhaka,0,,0,1,FPSOCMWCON,BDDHS2017360010,2017-18,DHS,449,282,,,1
BGD,Mymensingh,6350214,Using social marketing brand of condom,65.7,1,BD,Bangladesh,2017,BD2017DHS,FP_SOCM_W_CON,32763040,I,360011,1360055,Region,..Mymensingh,0,,0,1,FPSOCMWCON,BDDHS2017360011,2017-18,DHS,68,111,,,1
BGD,Khulna,5763106,Using social marketing brand of condom,59.4,1,BD,Bangladesh,2017,BD2017DHS,FP_SOCM_W_CON,32763040,I,360006,1360060,Region,Khulna,0,,0,1,FPSOCMWCON,BDDHS2017360006,2017-18,DHS,169,225,,,1
BGD,Rajshahi/Rangpur,7076517,Using social marketing brand of condom,53.6,1,BD,Bangladesh,2017,BD2017DHS,FP_SOCM_W_CON,32763040,I,360007,1360070,Region,Rajshahi/Rangpur,0,,0,1,FPSOCMWCON,BDDHS2017360007,2017-18,DHS,297,340,,,
BGD,Rangpur,1556764,Using social marketing brand of condom,65.9,1,BD,Bangladesh,2017,BD2017DHS,FP_SOCM_W_CON,32763040,I,360008,1360080,Region,..Rangpur,0,,0,1,FPSOCMWCON,BDDHS2017360008,2017-18,DHS,96,133,,,1
BGD,Rajshahi,3439150,Using social marketing brand of condom,47.8,1,BD,Bangladesh,2017,BD2017DHS,FP_SOCM_W_CON,32763040,I,360009,1360090,Region,..Rajshahi,0,,0,1,FPSOCMWCON,BDDHS2017360009,2017-18,DHS,201,207,,,1
BGD,Barishal,3696321,Number of women using condoms,54,0,BD,Bangladesh,2017,BD2017DHS,FP_SOCM_W_NCN,32763050,D,360001,1360010,Region,Barishal,0,,0,1,FPSOCMWNCN,BDDHS2017360001,2017-18,DHS,,121,,,1
BGD,Chattogram/Sylhet,5317035,Number of women using condoms,234,0,BD,Bangladesh,2017,BD2017DHS,FP_SOCM_W_NCN,32763050,D,360002,1360020,Region,Chattogram/Sylhet,0,,0,1,FPSOCMWNCN,BDDHS2017360002,2017-18,DHS,,289,,,
BGD,Chattogram,1556996,Number of women using condoms,163,0,BD,Bangladesh,2017,BD2017DHS,FP_SOCM_W_NCN,32763050,D,360003,1360030,Region,..Chattogram,0,,0,1,FPSOCMWNCN,BDDHS2017360003,2017-18,DHS,,144,,,1
BGD,Sylhet,3556200,Number of women using condoms,70,0,BD,Bangladesh,2017,BD2017DHS,FP_SOCM_W_NCN,32763050,D,360004,1360040,Region,..Sylhet,0,,0,1,FPSOCMWNCN,BDDHS2017360004,2017-18,DHS,,145,,,1
BGD,Dhaka before 2015,1549267,Number of women using condoms,517,0,BD,Bangladesh,2017,BD2017DHS,FP_SOCM_W_NCN,32763050,D,360005,1360050,Region,Dhaka before 2015,0,,0,1,FPSOCMWNCN,BDDHS2017360005,2017-18,DHS,,393,,,
BGD,Dhaka,1549298,Number of women using condoms,449,0,BD,Bangladesh,2017,BD2017DHS,FP_SOCM_W_NCN,32763050,D,360010,1360052,Region,..Dhaka,0,,0,1,FPSOCMWNCN,BDDHS2017360010,2017-18,DHS,,282,,,1
BGD,Mymensingh,6463715,Number of women using condoms,68,0,BD,Bangladesh,2017,BD2017DHS,FP_SOCM_W_NCN,32763050,D,360011,1360055,Region,..Mymensingh,0,,0,1,FPSOCMWNCN,BDDHS2017360011,2017-18,DHS,,111,,,1
BGD,Khulna,5763105,Number of women using condoms,169,0,BD,Bangladesh,2017,BD2017DHS,FP_SOCM_W_NCN,32763050,D,360006,1360060,Region,Khulna,0,,0,1,FPSOCMWNCN,BDDHS2017360006,2017-18,DHS,,225,,,1
BGD,Rajshahi/Rangpur,7106637,Number of women using condoms,297,0,BD,Bangladesh,2017,BD2017DHS,FP_SOCM_W_NCN,32763050,D,360007,1360070,Region,Rajshahi/Rangpur,0,,0,1,FPSOCMWNCN,BDDHS2017360007,2017-18,DHS,,340,,,
BGD,Rangpur,1556765,Number of women using condoms,96,0,BD,Bangladesh,2017,BD2017DHS,FP_SOCM_W_NCN,32763050,D,360008,1360080,Region,..Rangpur,0,,0,1,FPSOCMWNCN,BDDHS2017360008,2017-18,DHS,,133,,,1
BGD,Rajshahi,1556762,Number of women using condoms,201,0,BD,Bangladesh,2017,BD2017DHS,FP_SOCM_W_NCN,32763050,D,360009,1360090,Region,..Rajshahi,0,,0,1,FPSOCMWNCN,BDDHS2017360009,2017-18,DHS,,207,,,1
BGD,Barishal,2660146,Number of women using condoms (unweighted),121,0,BD,Bangladesh,2017,BD2017DHS,FP_SOCM_W_UCN,32763060,U,360001,1360010,Region,Barishal,0,,0,1,FPSOCMWUCN,BDDHS2017360001,2017-18,DHS,54,,,,1
BGD,Chattogram/Sylhet,20206,Number of women using condoms (unweighted),289,0,BD,Bangladesh,2017,BD2017DHS,FP_SOCM_W_UCN,32763060,U,360002,1360020,Region,Chattogram/Sylhet,0,,0,1,FPSOCMWUCN,BDDHS2017360002,2017-18,DHS,234,,,,
BGD,Chattogram,247161,Number of women using condoms (unweighted),144,0,BD,Bangladesh,2017,BD2017DHS,FP_SOCM_W_UCN,32763060,U,360003,1360030,Region,..Chattogram,0,,0,1,FPSOCMWUCN,BDDHS2017360003,2017-18,DHS,163,,,,1
BGD,Sylhet,3282200,Number of women using condoms (unweighted),145,0,BD,Bangladesh,2017,BD2017DHS,FP_SOCM_W_UCN,32763060,U,360004,1360040,Region,..Sylhet,0,,0,1,FPSOCMWUCN,BDDHS2017360004,2017-18,DHS,70,,,,1
BGD,Dhaka before 2015,1549335,Number of women using condoms (unweighted),393,0,BD,Bangladesh,2017,BD2017DHS,FP_SOCM_W_UCN,32763060,U,360005,1360050,Region,Dhaka before 2015,0,,0,1,FPSOCMWUCN,BDDHS2017360005,2017-18,DHS,517,,,,
BGD,Dhaka,3067878,Number of women using condoms (unweighted),282,0,BD,Bangladesh,2017,BD2017DHS,FP_SOCM_W_UCN,32763060,U,360010,1360052,Region,..Dhaka,0,,0,1,FPSOCMWUCN,BDDHS2017360010,2017-18,DHS,449,,,,1
BGD,Mymensingh,645890,Number of women using condoms (unweighted),111,0,BD,Bangladesh,2017,BD2017DHS,FP_SOCM_W_UCN,32763060,U,360011,1360055,Region,..Mymensingh,0,,0,1,FPSOCMWUCN,BDDHS2017360011,2017-18,DHS,68,,,,1
BGD,Khulna,1542808,Number of women using condoms (unweighted),225,0,BD,Bangladesh,2017,BD2017DHS,FP_SOCM_W_UCN,32763060,U,360006,1360060,Region,Khulna,0,,0,1,FPSOCMWUCN,BDDHS2017360006,2017-18,DHS,169,,,,1
BGD,Rajshahi/Rangpur,405546,Number of women using condoms (unweighted),340,0,BD,Bangladesh,2017,BD2017DHS,FP_SOCM_W_UCN,32763060,U,360007,1360070,Region,Rajshahi/Rangpur,0,,0,1,FPSOCMWUCN,BDDHS2017360007,2017-18,DHS,297,,,,
BGD,Rangpur,1556797,Number of women using condoms (unweighted),133,0,BD,Bangladesh,2017,BD2017DHS,FP_SOCM_W_UCN,32763060,U,360008,1360080,Region,..Rangpur,0,,0,1,FPSOCMWUCN,BDDHS2017360008,2017-18,DHS,96,,,,1
BGD,Rajshahi,3439151,Number of women using condoms (unweighted),207,0,BD,Bangladesh,2017,BD2017DHS,FP_SOCM_W_UCN,32763060,U,360009,1360090,Region,..Rajshahi,0,,0,1,FPSOCMWUCN,BDDHS2017360009,2017-18,DHS,201,,,,1
BGD,Barishal,4646905,Using social marketing brand of pill,92.9,1,BD,Bangladesh,2022,BD2022DHS,FP_SOCM_W_PIL,32763010,I,360001,1360010,Region,Barishal,0,,0,1,FPSOCMWPIL,BDDHS2022360001,2022,DHS,325,572,,,1
BGD,Barishal,4646906,Using social marketing brand of pill,92.9,1,BD,Bangladesh,2022,BD2022DHS,FP_SOCM_W_PIL,32763010,I,360001,1360010,Region,Barishal,0,,0,1,FPSOCMWPIL,BDDHS2022360001,2022,DHS,325,572,,,1
BGD,Chattogram/Sylhet,5616040,Using social marketing brand of pill,92.3,1,BD,Bangladesh,2022,BD2022DHS,FP_SOCM_W_PIL,32763010,I,360002,1360020,Region,Chattogram/Sylhet,0,,0,1,FPSOCMWPIL,BDDHS2022360002,2022,DHS,1218,1262,,,
BGD,Chattogram,5557551,Using social marketing brand of pill,91.8,1,BD,Bangladesh,2022,BD2022DHS,FP_SOCM_W_PIL,32763010,I,360003,1360030,Region,..Chattogram,0,,0,1,FPSOCMWPIL,BDDHS2022360003,2022,DHS,949,758,,,1
BGD,Chattogram,5557552,Using social marketing brand of pill,91.8,1,BD,Bangladesh,2022,BD2022DHS,FP_SOCM_W_PIL,32763010,I,360003,1360030,Region,..Chattogram,0,,0,1,FPSOCMWPIL,BDDHS2022360003,2022,DHS,949,758,,,1
BGD,Sylhet,611976,Using social marketing brand of pill,94,1,BD,Bangladesh,2022,BD2022DHS,FP_SOCM_W_PIL,32763010,I,360004,1360040,Region,..Sylhet,0,,0,1,FPSOCMWPIL,BDDHS2022360004,2022,DHS,269,504,,,1
BGD,Sylhet,611977,Using social marketing brand of pill,94,1,BD,Bangladesh,2022,BD2022DHS,FP_SOCM_W_PIL,32763010,I,360004,1360040,Region,..Sylhet,0,,0,1,FPSOCMWPIL,BDDHS2022360004,2022,DHS,269,504,,,1
BGD,Dhaka before 2015,2902105,Using social marketing brand of pill,93.6,1,BD,Bangladesh,2022,BD2022DHS,FP_SOCM_W_PIL,32763010,I,360005,1360050,Region,Dhaka before 2015,0,,0,1,FPSOCMWPIL,BDDHS2022360005,2022,DHS,1711,1440,,,
BGD,Dhaka,5140499,Using social marketing brand of pill,92.1,1,BD,Bangladesh,2022,BD2022DHS,FP_SOCM_W_PIL,32763010,I,360010,1360052,Region,..Dhaka,0,,0,1,FPSOCMWPIL,BDDHS2022360010,2022,DHS,1200,721,,,1
BGD,Dhaka,5140500,Using social marketing brand of pill,92.1,1,BD,Bangladesh,2022,BD2022DHS,FP_SOCM_W_PIL,32763010,I,360010,1360052,Region,..Dhaka,0,,0,1,FPSOCMWPIL,BDDHS2022360010,2022,DHS,1200,721,,,1
BGD,Mymensingh,3950677,Using social marketing brand of pill,97,1,BD,Bangladesh,2022,BD2022DHS,FP_SOCM_W_PIL,32763010,I,360011,1360055,Region,..Mymensingh,0,,0,1,FPSOCMWPIL,BDDHS2022360011,2022,DHS,511,719,,,1
BGD,Mymensingh,3950678,Using social marketing brand of pill,97,1,BD,Bangladesh,2022,BD2022DHS,FP_SOCM_W_PIL,32763010,I,360011,1360055,Region,..Mymensingh,0,,0,1,FPSOCMWPIL,BDDHS2022360011,2022,DHS,511,719,,,1
BGD,Khulna,4326555,Using social marketing brand of pill,95.6,1,BD,Bangladesh,2022,BD2022DHS,FP_SOCM_W_PIL,32763010,I,360006,1360060,Region,Khulna,0,,0,1,FPSOCMWPIL,BDDHS2022360006,2022,DHS,600,634,,,1
BGD,Khulna,4326556,Using social marketing brand of pill,95.6,1,BD,Bangladesh,2022,BD2022DHS,FP_SOCM_W_PIL,32763010,I,360006,1360060,Region,Khulna,0,,0,1,FPSOCMWPIL,BDDHS2022360006,2022,DHS,600,634,,,1
BGD,Rajshahi/Rangpur,6342534,Using social marketing brand of pill,95.5,1,BD,Bangladesh,2022,BD2022DHS,FP_SOCM_W_PIL,32763010,I,360007,1360070,Region,Rajshahi/Rangpur,0,,0,1,FPSOCMWPIL,BDDHS2022360007,2022,DHS,1372,1341,,,
BGD,Rangpur,3999643,Using social marketing brand of pill,95.1,1,BD,Bangladesh,2022,BD2022DHS,FP_SOCM_W_PIL,32763010,I,360008,1360080,Region,..Rangpur,0,,0,1,FPSOCMWPIL,BDDHS2022360008,2022,DHS,680,694,,,1
BGD,Rangpur,3999644,Using social marketing brand of pill,95.1,1,BD,Bangladesh,2022,BD2022DHS,FP_SOCM_W_PIL,32763010,I,360008,1360080,Region,..Rangpur,0,,0,1,FPSOCMWPIL,BDDHS2022360008,2022,DHS,680,694,,,1
BGD,Rajshahi,7289271,Using social marketing brand of pill,95.9,1,BD,Bangladesh,2022,BD2022DHS,FP_SOCM_W_PIL,32763010,I,360009,1360090,Region,..Rajshahi,0,,0,1,FPSOCMWPIL,BDDHS2022360009,2022,DHS,692,647,,,1
BGD,Rajshahi,7289272,Using social marketing brand of pill,95.9,1,BD,Bangladesh,2022,BD2022DHS,FP_SOCM_W_PIL,32763010,I,360009,1360090,Region,..Rajshahi,0,,0,1,FPSOCMWPIL,BDDHS2022360009,2022,DHS,692,647,,,1
BGD,Barishal,4761636,Number of women using pills,325,0,BD,Bangladesh,2022,BD2022DHS,FP_SOCM_W_NPL,32763020,D,360001,1360010,Region,Barishal,0,,0,1,FPSOCMWNPL,BDDHS2022360001,2022,DHS,,572,,,1
BGD,Barishal,4761637,Number of women using pills,325,0,BD,Bangladesh,2022,BD2022DHS,FP_SOCM_W_NPL,32763020,D,360001,1360010,Region,Barishal,0,,0,1,FPSOCMWNPL,BDDHS2022360001,2022,DHS,,572,,,1
BGD,Chattogram/Sylhet,5647305,Number of women using pills,1218,0,BD,Bangladesh,2022,BD2022DHS,FP_SOCM_W_NPL,32763020,D,360002,1360020,Region,Chattogram/Sylhet,0,,0,1,FPSOCMWNPL,BDDHS2022360002,2022,DHS,,1262,,,
BGD,Chattogram,5557553,Number of women using pills,949,0,BD,Bangladesh,2022,BD2022DHS,FP_SOCM_W_NPL,32763020,D,360003,1360030,Region,..Chattogram,0,,0,1,FPSOCMWNPL,BDDHS2022360003,2022,DHS,,758,,,1
BGD,Chattogram,5557554,Number of women using pills,949,0,BD,Bangladesh,2022,BD2022DHS,FP_SOCM_W_NPL,32763020,D,360003,1360030,Region,..Chattogram,0,,0,1,FPSOCMWNPL,BDDHS2022360003,2022,DHS,,758,,,1
BGD,Sylhet,731155,Number of women using pills,269,0,BD,Bangladesh,2022,BD2022DHS,FP_SOCM_W_NPL,32763020,D,360004,1360040,Region,..Sylhet,0,,0,1,FPSOCMWNPL,BDDHS2022360004,2022,DHS,,504,,,1
BGD,Sylhet,731156,Number of women using pills,269,0,BD,Bangladesh,2022,BD2022DHS,FP_SOCM_W_NPL,32763020,D,360004,1360040,Region,..Sylhet,0,,0,1,FPSOCMWNPL,BDDHS2022360004,2022,DHS,,504,,,1
BGD,Dhaka before 2015,2107528,Number of women using pills,1711,0,BD,Bangladesh,2022,BD2022DHS,FP_SOCM_W_NPL,32763020,D,360005,1360050,Region,Dhaka before 2015,0,,0,1,FPSOCMWNPL,BDDHS2022360005,2022,DHS,,1440,,,
BGD,Dhaka,5145493,Number of women using pills,1200,0,BD,Bangladesh,2022,BD2022DHS,FP_SOCM_W_NPL,32763020,D,360010,1360052,Region,..Dhaka,0,,0,1,FPSOCMWNPL,BDDHS2022360010,2022,DHS,,721,,,1
BGD,Dhaka,5145494,Number of women using pills,1200,0,BD,Bangladesh,2022,BD2022DHS,FP_SOCM_W_NPL,32763020,D,360010,1360052,Region,..Dhaka,0,,0,1,FPSOCMWNPL,BDDHS2022360010,2022,DHS,,721,,,1
BGD,Mymensingh,3904488,Number of women using pills,511,0,BD,Bangladesh,2022,BD2022DHS,FP_SOCM_W_NPL,32763020,D,360011,1360055,Region,..Mymensingh,0,,0,1,FPSOCMWNPL,BDDHS2022360011,2022,DHS,,719,,,1
BGD,Mymensingh,3904489,Number of women using pills,511,0,BD,Bangladesh,2022,BD2022DHS,FP_SOCM_W_NPL,32763020,D,360011,1360055,Region,..Mymensingh,0,,0,1,FPSOCMWNPL,BDDHS2022360011,2022,DHS,,719,,,1
BGD,Khulna,4245506,Number of women using pills,600,0,BD,Bangladesh,2022,BD2022DHS,FP_SOCM_W_NPL,32763020,D,360006,1360060,Region,Khulna,0,,0,1,FPSOCMWNPL,BDDHS2022360006,2022,DHS,,634,,,1
BGD,Khulna,4245507,Number of women using pills,600,0,BD,Bangladesh,2022,BD2022DHS,FP_SOCM_W_NPL,32763020,D,360006,1360060,Region,Khulna,0,,0,1,FPSOCMWNPL,BDDHS2022360006,2022,DHS,,634,,,1
BGD,Rajshahi/Rangpur,6368823,Number of women using pills,1372,0,BD,Bangladesh,2022,BD2022DHS,FP_SOCM_W_NPL,32763020,D,360007,1360070,Region,Rajshahi/Rangpur,0,,0,1,FPSOCMWNPL,BDDHS2022360007,2022,DHS,,1341,,,
BGD,Rangpur,3999645,Number of women using pills,680,0,BD,Bangladesh,2022,BD2022DHS,FP_SOCM_W_NPL,32763020,D,360008,1360080,Region,..Rangpur,0,,0,1,FPSOCMWNPL,BDDHS2022360008,2022,DHS,,694,,,1
BGD,Rangpur,3999646,Number of women using pills,680,0,BD,Bangladesh,2022,BD2022DHS,FP_SOCM_W_NPL,32763020,D,360008,1360080,Region,..Rangpur,0,,0,1,FPSOCMWNPL,BDDHS2022360008,2022,DHS,,694,,,1
BGD,Rajshahi,7310375,Number of women using pills,692,0,BD,Bangladesh,2022,BD2022DHS,FP_SOCM_W_NPL,32763020,D,360009,1360090,Region,..Rajshahi,0,,0,1,FPSOCMWNPL,BDDHS2022360009,2022,DHS,,647,,,1
BGD,Rajshahi,7310376,Number of women using pills,692,0,BD,Bangladesh,2022,BD2022DHS,FP_SOCM_W_NPL,32763020,D,360009,1360090,Region,..Rajshahi,0,,0,1,FPSOCMWNPL,BDDHS2022360009,2022,DHS,,647,,,1
BGD,Barishal,691981,Number of women using pills (unweighted),572,0,BD,Bangladesh,2022,BD2022DHS,FP_SOCM_W_UPL,32763030,U,360001,1360010,Region,Barishal,0,,0,1,FPSOCMWUPL,BDDHS2022360001,2022,DHS,325,,,,1
BGD,Barishal,691982,Number of women using pills (unweighted),572,0,BD,Bangladesh,2022,BD2022DHS,FP_SOCM_W_UPL,32763030,U,360001,1360010,Region,Barishal,0,,0,1,FPSOCMWUPL,BDDHS2022360001,2022,DHS,325,,,,1
BGD,Chattogram/Sylhet,208829,Number of women using pills (unweighted),1262,0,BD,Bangladesh,2022,BD2022DHS,FP_SOCM_W_UPL,32763030,U,360002,1360020,Region,Chattogram/Sylhet,0,,0,1,FPSOCMWUPL,BDDHS2022360002,2022,DHS,1218,,,,
BGD,Chattogram,2119669,Number of women using pills (unweighted),758,0,BD,Bangladesh,2022,BD2022DHS,FP_SOCM_W_UPL,32763030,U,360003,1360030,Region,..Chattogram,0,,0,1,FPSOCMWUPL,BDDHS2022360003,2022,DHS,949,,,,1
BGD,Chattogram,2119670,Number of women using pills (unweighted),758,0,BD,Bangladesh,2022,BD2022DHS,FP_SOCM_W_UPL,32763030,U,360003,1360030,Region,..Chattogram,0,,0,1,FPSOCMWUPL,BDDHS2022360003,2022,DHS,949,,,,1
BGD,Sylhet,6211273,Number of women using pills (unweighted),504,0,BD,Bangladesh,2022,BD2022DHS,FP_SOCM_W_UPL,32763030,U,360004,1360040,Region,..Sylhet,0,,0,1,FPSOCMWUPL,BDDHS2022360004,2022,DHS,269,,,,1
BGD,Sylhet,6211274,Number of women using pills (unweighted),504,0,BD,Bangladesh,2022,BD2022DHS,FP_SOCM_W_UPL,32763030,U,360004,1360040,Region,..Sylhet,0,,0,1,FPSOCMWUPL,BDDHS2022360004,2022,DHS,269,,,,1
BGD,Dhaka before 2015,2902104,Number of women using pills (unweighted),1440,0,BD,Bangladesh,2022,BD2022DHS,FP_SOCM_W_UPL,32763030,U,360005,1360050,Region,Dhaka before 2015,0,,0,1,FPSOCMWUPL,BDDHS2022360005,2022,DHS,1711,,,,
BGD,Dhaka,2786202,Number of women using pills (unweighted),721,0,BD,Bangladesh,2022,BD2022DHS,FP_SOCM_W_UPL,32763030,U,360010,1360052,Region,..Dhaka,0,,0,1,FPSOCMWUPL,BDDHS2022360010,2022,DHS,1200,,,,1
BGD,Dhaka,2786203,Number of women using pills (unweighted),721,0,BD,Bangladesh,2022,BD2022DHS,FP_SOCM_W_UPL,32763030,U,360010,1360052,Region,..Dhaka,0,,0,1,FPSOCMWUPL,BDDHS2022360010,2022,DHS,1200,,,,1
BGD,Mymensingh,3213796,Number of women using pills (unweighted),719,0,BD,Bangladesh,2022,BD2022DHS,FP_SOCM_W_UPL,32763030,U,360011,1360055,Region,..Mymensingh,0,,0,1,FPSOCMWUPL,BDDHS2022360011,2022,DHS,511,,,,1
BGD,Mymensingh,3213797,Number of women using pills (unweighted),719,0,BD,Bangladesh,2022,BD2022DHS,FP_SOCM_W_UPL,32763030,U,360011,1360055,Region,..Mymensingh,0,,0,1,FPSOCMWUPL,BDDHS2022360011,2022,DHS,511,,,,1
BGD,Khulna,3287584,Number of women using pills (unweighted),634,0,BD,Bangladesh,2022,BD2022DHS,FP_SOCM_W_UPL,32763030,U,360006,1360060,Region,Khulna,0,,0,1,FPSOCMWUPL,BDDHS2022360006,2022,DHS,600,,,,1
BGD,Khulna,3287585,Number of women using pills (unweighted),634,0,BD,Bangladesh,2022,BD2022DHS,FP_SOCM_W_UPL,32763030,U,360006,1360060,Region,Khulna,0,,0,1,FPSOCMWUPL,BDDHS2022360006,2022,DHS,600,,,,1
BGD,Rajshahi/Rangpur,3149841,Number of women using pills (unweighted),1341,0,BD,Bangladesh,2022,BD2022DHS,FP_SOCM_W_UPL,32763030,U,360007,1360070,Region,Rajshahi/Rangpur,0,,0,1,FPSOCMWUPL,BDDHS2022360007,2022,DHS,1372,,,,
BGD,Rangpur,2112924,Number of women using pills (unweighted),694,0,BD,Bangladesh,2022,BD2022DHS,FP_SOCM_W_UPL,32763030,U,360008,1360080,Region,..Rangpur,0,,0,1,FPSOCMWUPL,BDDHS2022360008,2022,DHS,680,,,,1
BGD,Rangpur,2112923,Number of women using pills (unweighted),694,0,BD,Bangladesh,2022,BD2022DHS,FP_SOCM_W_UPL,32763030,U,360008,1360080,Region,..Rangpur,0,,0,1,FPSOCMWUPL,BDDHS2022360008,2022,DHS,680,,,,1
BGD,Rajshahi,6636974,Number of women using pills (unweighted),647,0,BD,Bangladesh,2022,BD2022DHS,FP_SOCM_W_UPL,32763030,U,360009,1360090,Region,..Rajshahi,0,,0,1,FPSOCMWUPL,BDDHS2022360009,2022,DHS,692,,,,1
BGD,Rajshahi,6636975,Number of women using pills (unweighted),647,0,BD,Bangladesh,2022,BD2022DHS,FP_SOCM_W_UPL,32763030,U,360009,1360090,Region,..Rajshahi,0,,0,1,FPSOCMWUPL,BDDHS2022360009,2022,DHS,692,,,,1
BGD,Barishal,4927517,Using social marketing brand of condom,89.4,1,BD,Bangladesh,2022,BD2022DHS,FP_SOCM_W_CON,32763040,I,360001,1360010,Region,Barishal,0,,0,1,FPSOCMWCON,BDDHS2022360001,2022,DHS,56,129,,,1
BGD,Barishal,4927518,Using social marketing brand of condom,89.4,1,BD,Bangladesh,2022,BD2022DHS,FP_SOCM_W_CON,32763040,I,360001,1360010,Region,Barishal,0,,0,1,FPSOCMWCON,BDDHS2022360001,2022,DHS,56,129,,,1
BGD,Chattogram/Sylhet,4531586,Using social marketing brand of condom,92.1,1,BD,Bangladesh,2022,BD2022DHS,FP_SOCM_W_CON,32763040,I,360002,1360020,Region,Chattogram/Sylhet,0,,0,1,FPSOCMWCON,BDDHS2022360002,2022,DHS,219,274,,,
BGD,Chattogram,6588744,Using social marketing brand of condom,91.4,1,BD,Bangladesh,2022,BD2022DHS,FP_SOCM_W_CON,32763040,I,360003,1360030,Region,..Chattogram,0,,0,1,FPSOCMWCON,BDDHS2022360003,2022,DHS,172,162,,,1
BGD,Chattogram,6588745,Using social marketing brand of condom,91.4,1,BD,Bangladesh,2022,BD2022DHS,FP_SOCM_W_CON,32763040,I,360003,1360030,Region,..Chattogram,0,,0,1,FPSOCMWCON,BDDHS2022360003,2022,DHS,172,162,,,1
BGD,Sylhet,2112927,Using social marketing brand of condom,94.4,1,BD,Bangladesh,2022,BD2022DHS,FP_SOCM_W_CON,32763040,I,360004,1360040,Region,..Sylhet,0,,0,1,FPSOCMWCON,BDDHS2022360004,2022,DHS,47,112,,,1
BGD,Sylhet,2112928,Using social marketing brand of condom,94.4,1,BD,Bangladesh,2022,BD2022DHS,FP_SOCM_W_CON,32763040,I,360004,1360040,Region,..Sylhet,0,,0,1,FPSOCMWCON,BDDHS2022360004,2022,DHS,47,112,,,1
BGD,Dhaka before 2015,2107491,Using social marketing brand of condom,84.3,1,BD,Bangladesh,2022,BD2022DHS,FP_SOCM_W_CON,32763040,I,360005,1360050,Region,Dhaka before 2015,0,,0,1,FPSOCMWCON,BDDHS2022360005,2022,DHS,625,446,,,
BGD,Dhaka,7178573,Using social marketing brand of condom,82.9,1,BD,Bangladesh,2022,BD2022DHS,FP_SOCM_W_CON,32763040,I,360010,1360052,Region,..Dhaka,0,,0,1,FPSOCMWCON,BDDHS2022360010,2022,DHS,540,311,,,1
BGD,Dhaka,7178574,Using social marketing brand of condom,82.9,1,BD,Bangladesh,2022,BD2022DHS,FP_SOCM_W_CON,32763040,I,360010,1360052,Region,..Dhaka,0,,0,1,FPSOCMWCON,BDDHS2022360010,2022,DHS,540,311,,,1
BGD,Mymensingh,229696,Using social marketing brand of condom,93.3,1,BD,Bangladesh,2022,BD2022DHS,FP_SOCM_W_CON,32763040,I,360011,1360055,Region,..Mymensingh,0,,0,1,FPSOCMWCON,BDDHS2022360011,2022,DHS,85,135,,,1
BGD,Mymensingh,229697,Using social marketing brand of condom,93.3,1,BD,Bangladesh,2022,BD2022DHS,FP_SOCM_W_CON,32763040,I,360011,1360055,Region,..Mymensingh,0,,0,1,FPSOCMWCON,BDDHS2022360011,2022,DHS,85,135,,,1
BGD,Khulna,5552700,Using social marketing brand of condom,92.9,1,BD,Bangladesh,2022,BD2022DHS,FP_SOCM_W_CON,32763040,I,360006,1360060,Region,Khulna,0,,0,1,FPSOCMWCON,BDDHS2022360006,2022,DHS,209,254,,,1
BGD,Khulna,5552701,Using social marketing brand of condom,92.9,1,BD,Bangladesh,2022,BD2022DHS,FP_SOCM_W_CON,32763040,I,360006,1360060,Region,Khulna,0,,0,1,FPSOCMWCON,BDDHS2022360006,2022,DHS,209,254,,,1
BGD,Rajshahi/Rangpur,2107496,Using social marketing brand of condom,92.1,1,BD,Bangladesh,2022,BD2022DHS,FP_SOCM_W_CON,32763040,I,360007,1360070,Region,Rajshahi/Rangpur,0,,0,1,FPSOCMWCON,BDDHS2022360007,2022,DHS,381,437,,,
BGD,Rangpur,4744325,Using social marketing brand of condom,89.9,1,BD,Bangladesh,2022,BD2022DHS,FP_SOCM_W_CON,32763040,I,360008,1360080,Region,..Rangpur,0,,0,1,FPSOCMWCON,BDDHS2022360008,2022,DHS,126,150,,,1
BGD,Rangpur,4744326,Using social marketing brand of condom,89.9,1,BD,Bangladesh,2022,BD2022DHS,FP_SOCM_W_CON,32763040,I,360008,1360080,Region,..Rangpur,0,,0,1,FPSOCMWCON,BDDHS2022360008,2022,DHS,126,150,,,1
BGD,Rajshahi,4686315,Using social marketing brand of condom,93.2,1,BD,Bangladesh,2022,BD2022DHS,FP_SOCM_W_CON,32763040,I,360009,1360090,Region,..Rajshahi,0,,0,1,FPSOCMWCON,BDDHS2022360009,2022,DHS,255,287,,,1
BGD,Rajshahi,4686316,Using social marketing brand of condom,93.2,1,BD,Bangladesh,2022,BD2022DHS,FP_SOCM_W_CON,32763040,I,360009,1360090,Region,..Rajshahi,0,,0,1,FPSOCMWCON,BDDHS2022360009,2022,DHS,255,287,,,1
BGD,Barishal,4896794,Number of women using condoms,56,0,BD,Bangladesh,2022,BD2022DHS,FP_SOCM_W_NCN,32763050,D,360001,1360010,Region,Barishal,0,,0,1,FPSOCMWNCN,BDDHS2022360001,2022,DHS,,129,,,1
BGD,Barishal,4896795,Number of women using condoms,56,0,BD,Bangladesh,2022,BD2022DHS,FP_SOCM_W_NCN,32763050,D,360001,1360010,Region,Barishal,0,,0,1,FPSOCMWNCN,BDDHS2022360001,2022,DHS,,129,,,1
BGD,Chattogram/Sylhet,4612489,Number of women using condoms,219,0,BD,Bangladesh,2022,BD2022DHS,FP_SOCM_W_NCN,32763050,D,360002,1360020,Region,Chattogram/Sylhet,0,,0,1,FPSOCMWNCN,BDDHS2022360002,2022,DHS,,274,,,
BGD,Chattogram,6668741,Number of women using condoms,172,0,BD,Bangladesh,2022,BD2022DHS,FP_SOCM_W_NCN,32763050,D,360003,1360030,Region,..Chattogram,0,,0,1,FPSOCMWNCN,BDDHS2022360003,2022,DHS,,162,,,1
BGD,Chattogram,6668742,Number of women using condoms,172,0,BD,Bangladesh,2022,BD2022DHS,FP_SOCM_W_NCN,32763050,D,360003,1360030,Region,..Chattogram,0,,0,1,FPSOCMWNCN,BDDHS2022360003,2022,DHS,,162,,,1
BGD,Sylhet,731157,Number of women using condoms,47,0,BD,Bangladesh,2022,BD2022DHS,FP_SOCM_W_NCN,32763050,D,360004,1360040,Region,..Sylhet,0,,0,1,FPSOCMWNCN,BDDHS2022360004,2022,DHS,,112,,,1
BGD,Sylhet,731158,Number of women using condoms,47,0,BD,Bangladesh,2022,BD2022DHS,FP_SOCM_W_NCN,32763050,D,360004,1360040,Region,..Sylhet,0,,0,1,FPSOCMWNCN,BDDHS2022360004,2022,DHS,,112,,,1
BGD,Dhaka before 2015,2107492,Number of women using condoms,625,0,BD,Bangladesh,2022,BD2022DHS,FP_SOCM_W_NCN,32763050,D,360005,1360050,Region,Dhaka before 2015,0,,0,1,FPSOCMWNCN,BDDHS2022360005,2022,DHS,,446,,,
BGD,Dhaka,7206394,Number of women using condoms,540,0,BD,Bangladesh,2022,BD2022DHS,FP_SOCM_W_NCN,32763050,D,360010,1360052,Region,..Dhaka,0,,0,1,FPSOCMWNCN,BDDHS2022360010,2022,DHS,,311,,,1
BGD,Dhaka,7206395,Number of women using condoms,540,0,BD,Bangladesh,2022,BD2022DHS,FP_SOCM_W_NCN,32763050,D,360010,1360052,Region,..Dhaka,0,,0,1,FPSOCMWNCN,BDDHS2022360010,2022,DHS,,311,,,1
BGD,Mymensingh,2126322,Number of women using condoms,85,0,BD,Bangladesh,2022,BD2022DHS,FP_SOCM_W_NCN,32763050,D,360011,1360055,Region,..Mymensingh,0,,0,1,FPSOCMWNCN,BDDHS2022360011,2022,DHS,,135,,,1
BGD,Mymensingh,2126323,Number of women using condoms,85,0,BD,Bangladesh,2022,BD2022DHS,FP_SOCM_W_NCN,32763050,D,360011,1360055,Region,..Mymensingh,0,,0,1,FPSOCMWNCN,BDDHS2022360011,2022,DHS,,135,,,1
BGD,Khulna,5605670,Number of women using condoms,209,0,BD,Bangladesh,2022,BD2022DHS,FP_SOCM_W_NCN,32763050,D,360006,1360060,Region,Khulna,0,,0,1,FPSOCMWNCN,BDDHS2022360006,2022,DHS,,254,,,1
BGD,Khulna,5605671,Number of women using condoms,209,0,BD,Bangladesh,2022,BD2022DHS,FP_SOCM_W_NCN,32763050,D,360006,1360060,Region,Khulna,0,,0,1,FPSOCMWNCN,BDDHS2022360006,2022,DHS,,254,,,1
BGD,Rajshahi/Rangpur,2107497,Number of women using condoms,381,0,BD,Bangladesh,2022,BD2022DHS,FP_SOCM_W_NCN,32763050,D,360007,1360070,Region,Rajshahi/Rangpur,0,,0,1,FPSOCMWNCN,BDDHS2022360007,2022,DHS,,437,,,
BGD,Rangpur,4748121,Number of women using condoms,126,0,BD,Bangladesh,2022,BD2022DHS,FP_SOCM_W_NCN,32763050,D,360008,1360080,Region,..Rangpur,0,,0,1,FPSOCMWNCN,BDDHS2022360008,2022,DHS,,150,,,1
BGD,Rangpur,4748122,Number of women using condoms,126,0,BD,Bangladesh,2022,BD2022DHS,FP_SOCM_W_NCN,32763050,D,360008,1360080,Region,..Rangpur,0,,0,1,FPSOCMWNCN,BDDHS2022360008,2022,DHS,,150,,,1
BGD,Rajshahi,4724755,Number of women using condoms,255,0,BD,Bangladesh,2022,BD2022DHS,FP_SOCM_W_NCN,32763050,D,360009,1360090,Region,..Rajshahi,0,,0,1,FPSOCMWNCN,BDDHS2022360009,2022,DHS,,287,,,1
BGD,Rajshahi,4724756,Number of women using condoms,255,0,BD,Bangladesh,2022,BD2022DHS,FP_SOCM_W_NCN,32763050,D,360009,1360090,Region,..Rajshahi,0,,0,1,FPSOCMWNCN,BDDHS2022360009,2022,DHS,,287,,,1
BGD,Barishal,3263915,Number of women using condoms (unweighted),129,0,BD,Bangladesh,2022,BD2022DHS,FP_SOCM_W_UCN,32763060,U,360001,1360010,Region,Barishal,0,,0,1,FPSOCMWUCN,BDDHS2022360001,2022,DHS,56,,,,1
BGD,Barishal,3263916,Number of women using condoms (unweighted),129,0,BD,Bangladesh,2022,BD2022DHS,FP_SOCM_W_UCN,32763060,U,360001,1360010,Region,Barishal,0,,0,1,FPSOCMWUCN,BDDHS2022360001,2022,DHS,56,,,,1
BGD,Chattogram/Sylhet,978840,Number of women using condoms (unweighted),274,0,BD,Bangladesh,2022,BD2022DHS,FP_SOCM_W_UCN,32763060,U,360002,1360020,Region,Chattogram/Sylhet,0,,0,1,FPSOCMWUCN,BDDHS2022360002,2022,DHS,219,,,,
BGD,Chattogram,3322400,Number of women using condoms (unweighted),162,0,BD,Bangladesh,2022,BD2022DHS,FP_SOCM_W_UCN,32763060,U,360003,1360030,Region,..Chattogram,0,,0,1,FPSOCMWUCN,BDDHS2022360003,2022,DHS,172,,,,1
BGD,Chattogram,3322401,Number of women using condoms (unweighted),162,0,BD,Bangladesh,2022,BD2022DHS,FP_SOCM_W_UCN,32763060,U,360003,1360030,Region,..Chattogram,0,,0,1,FPSOCMWUCN,BDDHS2022360003,2022,DHS,172,,,,1
BGD,Sylhet,6320740,Number of women using condoms (unweighted),112,0,BD,Bangladesh,2022,BD2022DHS,FP_SOCM_W_UCN,32763060,U,360004,1360040,Region,..Sylhet,0,,0,1,FPSOCMWUCN,BDDHS2022360004,2022,DHS,47,,,,1
BGD,Sylhet,6320741,Number of women using condoms (unweighted),112,0,BD,Bangladesh,2022,BD2022DHS,FP_SOCM_W_UCN,32763060,U,360004,1360040,Region,..Sylhet,0,,0,1,FPSOCMWUCN,BDDHS2022360004,2022,DHS,47,,,,1
BGD,Dhaka before 2015,2107493,Number of women using condoms (unweighted),446,0,BD,Bangladesh,2022,BD2022DHS,FP_SOCM_W_UCN,32763060,U,360005,1360050,Region,Dhaka before 2015,0,,0,1,FPSOCMWUCN,BDDHS2022360005,2022,DHS,625,,,,
BGD,Dhaka,716451,Number of women using condoms (unweighted),311,0,BD,Bangladesh,2022,BD2022DHS,FP_SOCM_W_UCN,32763060,U,360010,1360052,Region,..Dhaka,0,,0,1,FPSOCMWUCN,BDDHS2022360010,2022,DHS,540,,,,1
BGD,Dhaka,716452,Number of women using condoms (unweighted),311,0,BD,Bangladesh,2022,BD2022DHS,FP_SOCM_W_UCN,32763060,U,360010,1360052,Region,..Dhaka,0,,0,1,FPSOCMWUCN,BDDHS2022360010,2022,DHS,540,,,,1
BGD,Mymensingh,229698,Number of women using condoms (unweighted),135,0,BD,Bangladesh,2022,BD2022DHS,FP_SOCM_W_UCN,32763060,U,360011,1360055,Region,..Mymensingh,0,,0,1,FPSOCMWUCN,BDDHS2022360011,2022,DHS,85,,,,1
BGD,Mymensingh,229699,Number of women using condoms (unweighted),135,0,BD,Bangladesh,2022,BD2022DHS,FP_SOCM_W_UCN,32763060,U,360011,1360055,Region,..Mymensingh,0,,0,1,FPSOCMWUCN,BDDHS2022360011,2022,DHS,85,,,,1
BGD,Khulna,305967,Number of women using condoms (unweighted),254,0,BD,Bangladesh,2022,BD2022DHS,FP_SOCM_W_UCN,32763060,U,360006,1360060,Region,Khulna,0,,0,1,FPSOCMWUCN,BDDHS2022360006,2022,DHS,209,,,,1
BGD,Khulna,305966,Number of women using condoms (unweighted),254,0,BD,Bangladesh,2022,BD2022DHS,FP_SOCM_W_UCN,32763060,U,360006,1360060,Region,Khulna,0,,0,1,FPSOCMWUCN,BDDHS2022360006,2022,DHS,209,,,,1
BGD,Rajshahi/Rangpur,2107586,Number of women using condoms (unweighted),437,0,BD,Bangladesh,2022,BD2022DHS,FP_SOCM_W_UCN,32763060,U,360007,1360070,Region,Rajshahi/Rangpur,0,,0,1,FPSOCMWUCN,BDDHS2022360007,2022,DHS,381,,,,
BGD,Rangpur,2573619,Number of women using condoms (unweighted),150,0,BD,Bangladesh,2022,BD2022DHS,FP_SOCM_W_UCN,32763060,U,360008,1360080,Region,..Rangpur,0,,0,1,FPSOCMWUCN,BDDHS2022360008,2022,DHS,126,,,,1
BGD,Rangpur,2573620,Number of women using condoms (unweighted),150,0,BD,Bangladesh,2022,BD2022DHS,FP_SOCM_W_UCN,32763060,U,360008,1360080,Region,..Rangpur,0,,0,1,FPSOCMWUCN,BDDHS2022360008,2022,DHS,126,,,,1
BGD,Rajshahi,6675743,Number of women using condoms (unweighted),287,0,BD,Bangladesh,2022,BD2022DHS,FP_SOCM_W_UCN,32763060,U,360009,1360090,Region,..Rajshahi,0,,0,1,FPSOCMWUCN,BDDHS2022360009,2022,DHS,255,,,,1
BGD,Rajshahi,6675742,Number of women using condoms (unweighted),287,0,BD,Bangladesh,2022,BD2022DHS,FP_SOCM_W_UCN,32763060,U,360009,1360090,Region,..Rajshahi,0,,0,1,FPSOCMWUCN,BDDHS2022360009,2022,DHS,255,,,,1
