0,1,2,3,4,5,6,7
"ISIC
Division",Description of the Division,Weight,2023-24,"2024-25 
(R)","Nov-24 
(R)","Oct-25 
(P)","Nov-25
(P)"
"1
General Index
100.00
201.39
213.41
224.41
191.67
224.94
10
Mfg. of Food Products 
4.003
156.84
170.40
164.70
149.61
182.53
11
Mfg. of Beverages 
1.230
206.31
236.33
216.21
388.96
244.50
12
Mfg. of Tobacco Products 
3.723
250.19
231.30
221.85
257.69
215.74
13
Mfg. of Textile
11.59
196.86
198.50
206.92
209.12
204.74
14
61.00
188.19
203.80
217.92
154.73
207.44
Mfg.
of
Wearing
Apparel
(Ready made Garment) 
15
0.809
175.61
175.83
198.20
140.40
232.74
Mfg.
of Leather
and Related
Products 
Mfg.
of wood
and
products
of
16
0.034
128.07
132.75
143.31
150.41
150.79
wood and cork, except furniture.
17
0.443
146.96
157.55
145.70
167.00
158.81
Mfg.
of
Paper
and
Paper
Products 
Printing
and Reproduction
of
18
0.095
153.91
173.20
175.67
191.25
187.23
Recorded Media 
19
0.117
349.91
385.59
137.92
157.71
134.07
Mfg.
of
coke
and
refined
petroleum products 
20
1.290
123.42
154.09
178.71
168.97
177.97
Manufacture of chemicals and
chemical products 
21
Mfg.
of
Pharmaceutical
3.049
315.33
316.84
355.00
376.20
340.58
products
and
pharmaceutical
preparations 
22
0.448
168.21
150.03
118.82
156.07
119.34
Manufacture
of
Rubber
and
Plastics products 
23
4.253
357.59
368.35
368.57
366.27
376.58
Manufacture
of
other
non-
metallic mineral products 
24
Manufacture of Basic metals 
0.721
403.68
455.98
612.94
608.38
609.11
Mfg.
of
fabricated
metal
25
0.648
130.03
134.60
128.36
125.29
136.16
products,
except machinery
and
equipment 
Mfg. of Computer, Electronic
26
0.543
143.18
153.55
153.50
151.29
162.46
and Optical products 
27
1.184
164.64
165.69
136.15
125.76
164.65
Mfg of Electrical equipment
28
0.014
146.11
177.39
167.20
199.01
173.32
Mfg.
of
Machinery
and
Equipment
Mfg. of motor vehicles, trailers
29
0.011
188.83
210.75
229.24
207.42
265.20
and semi-trailers 
Mfg.
of
Other
transport
30
4.164
200.85
216.88
222.83
285.58
358.58
equipment
31
Manufacture of Furniture
0.510
149.68
153.66
162.21
163.99
168.34
32
Other Manufacturing
0.117
131.93
136.37
134.83
142.37
138.31",,,,,,,
